-- phpMyAdmin SQL Dump
-- version 4.5.1
-- http://www.phpmyadmin.net
--
-- Host: 127.0.0.1
-- Generation Time: Mar 07, 2018 at 12:20 PM
-- Server version: 10.1.10-MariaDB
-- PHP Version: 7.0.4

SET SQL_MODE = "NO_AUTO_VALUE_ON_ZERO";
SET time_zone = "+00:00";


/*!40101 SET @OLD_CHARACTER_SET_CLIENT=@@CHARACTER_SET_CLIENT */;
/*!40101 SET @OLD_CHARACTER_SET_RESULTS=@@CHARACTER_SET_RESULTS */;
/*!40101 SET @OLD_COLLATION_CONNECTION=@@COLLATION_CONNECTION */;
/*!40101 SET NAMES utf8mb4 */;

--
-- Database: `hyatt`
--

-- --------------------------------------------------------

--
-- Table structure for table `agencies`
--

CREATE TABLE `agencies` (
  `id` int(10) UNSIGNED NOT NULL,
  `name` varchar(191) COLLATE utf8mb4_unicode_ci NOT NULL,
  `address` varchar(191) COLLATE utf8mb4_unicode_ci NOT NULL,
  `contact_person` varchar(191) COLLATE utf8mb4_unicode_ci NOT NULL,
  `created_at` timestamp NULL DEFAULT NULL,
  `updated_at` timestamp NULL DEFAULT NULL
) ENGINE=InnoDB DEFAULT CHARSET=utf8mb4 COLLATE=utf8mb4_unicode_ci;

--
-- Dumping data for table `agencies`
--

INSERT INTO `agencies` (`id`, `name`, `address`, `contact_person`, `created_at`, `updated_at`) VALUES
(2, 'MMML', 'DAVAO CITY', 'SONNY KALAW', '2017-12-29 07:34:05', '2017-12-29 08:00:16'),
(3, 'EJM', 'DAVAO CITY', 'MIA ABDULLAH', '2017-12-29 07:37:22', '2017-12-29 07:37:22'),
(4, 'JENERICK (DOMESTIC)', 'DAVAO CITY', 'XXX', '2017-12-29 08:03:01', '2017-12-29 08:03:01'),
(5, 'SKILLED MANAGEMENT', 'DAVAO CITY', 'XXXX', '2017-12-29 08:03:27', '2017-12-29 08:07:29'),
(6, 'HRHA', 'DAVAO CITY', 'JNSCC', '2017-12-29 08:04:05', '2017-12-29 08:07:47'),
(7, 'CREATIVE', 'MANILA CITY', 'MDDD', '2017-12-29 08:08:11', '2017-12-29 08:08:11'),
(8, 'ADVANCE', 'DAVAO CITY', 'MDD', '2017-12-29 08:08:53', '2017-12-29 08:08:53'),
(9, 'KING SOLOMON', 'DAVAO CITY', 'DDD', '2017-12-29 08:09:19', '2017-12-29 08:09:19'),
(10, 'BADILLA', 'DAVAO CITY', 'DDD', '2017-12-29 08:09:44', '2017-12-29 08:09:44'),
(11, 'SILVER SKILLED', 'DAVAO CITY`', 'DD', '2017-12-29 08:10:08', '2017-12-29 08:11:59'),
(12, 'LGH', 'DAVAO CITY', 'MDDJIDSI', '2017-12-29 08:14:06', '2017-12-29 08:14:06'),
(13, 'MECTAP/ALPHATOMO', 'DAVAO CITY', 'DHD', '2017-12-29 08:14:39', '2017-12-29 08:14:39'),
(14, 'GBMLT', 'DAVAO CITY', 'DBSHD', '2017-12-29 08:15:28', '2017-12-29 08:15:28'),
(15, 'I-EMPLOY (1)', 'DAVAO CITY', 'MARVIN', '2017-12-29 08:16:24', '2017-12-29 08:16:24'),
(16, 'IEMPLOY (2)', 'DAVAO CITY', 'NDKHA', '2017-12-29 08:18:03', '2017-12-29 08:18:03'),
(17, 'FOUR ACES', 'DAVAO CITY', 'DDDJUHJ', '2017-12-29 08:18:42', '2017-12-29 08:18:42'),
(18, 'MECPREGO', 'DAVAO CITY', 'IDJIJ', '2017-12-29 08:19:03', '2017-12-29 08:19:03'),
(19, 'ALBAYAN', 'DAVAO CITY', 'JDIAJIAJ', '2017-12-29 08:19:23', '2017-12-29 08:19:23'),
(20, 'LUZVIMIN', 'DAVAO CITY', 'HDIHAI', '2017-12-29 08:19:46', '2017-12-29 08:19:46'),
(21, 'LUXURY', 'DAVAO CITY', 'HDAI', '2017-12-29 08:20:07', '2017-12-29 08:20:07'),
(22, 'HIGH MARK', 'DAVAO CITY', 'HDAHIA', '2017-12-29 08:20:35', '2017-12-29 08:20:35'),
(23, 'AROUND THE WORLD', 'DAVAO CITY', 'NDAAKJ', '2017-12-29 08:20:57', '2017-12-29 08:20:57'),
(24, 'WORLDSTAR', 'DAVAO CITY', 'HDIHAA', '2017-12-29 08:21:18', '2017-12-29 08:21:18'),
(25, 'SKYLINE', 'DAVAO CITY', 'DHAIHA', '2017-12-29 08:21:37', '2017-12-29 08:21:37'),
(26, 'BUSINESSWISE', 'DAVAO CITY', 'DKIAHA', '2017-12-29 08:22:02', '2017-12-29 08:22:02'),
(27, 'PHIL-Q', 'DAVAO CITY', 'NDIAJIA', '2017-12-29 08:22:18', '2017-12-29 08:22:18'),
(28, 'FOUR STAR', 'DAVAO CITY', 'HDIAA', '2017-12-29 08:22:37', '2017-12-29 08:22:37'),
(29, 'YHMD', 'DAVAO CITY', 'DNIAJAI', '2017-12-29 08:22:53', '2017-12-29 08:22:53'),
(30, 'CB AND T PROSTAF', 'DAVAO CITY', 'HIASHIDHA', '2017-12-29 08:23:19', '2017-12-29 08:23:19'),
(31, 'MAX', 'DAVAO CITY', 'DIAJIAJ', '2017-12-29 08:23:34', '2017-12-29 08:23:34'),
(32, 'SKYWORLD', 'DAVAO CITY', 'BNJKBN', '2017-12-29 08:25:25', '2017-12-29 08:25:25'),
(33, 'PRIME GOAL', 'DAVAO CITY', 'DIAIJAFMHS', '2017-12-29 08:27:23', '2017-12-29 08:27:23');

-- --------------------------------------------------------

--
-- Table structure for table `agency_contacts`
--

CREATE TABLE `agency_contacts` (
  `id` int(10) UNSIGNED NOT NULL,
  `agency_id` int(10) UNSIGNED NOT NULL,
  `contact` varchar(191) COLLATE utf8mb4_unicode_ci DEFAULT NULL,
  `created_at` timestamp NULL DEFAULT NULL,
  `updated_at` timestamp NULL DEFAULT NULL
) ENGINE=InnoDB DEFAULT CHARSET=utf8mb4 COLLATE=utf8mb4_unicode_ci;

-- --------------------------------------------------------

--
-- Table structure for table `agency_customer`
--

CREATE TABLE `agency_customer` (
  `id` int(10) UNSIGNED NOT NULL,
  `customer_id` int(10) UNSIGNED NOT NULL,
  `agency_id` int(10) UNSIGNED NOT NULL,
  `created_at` timestamp NULL DEFAULT NULL,
  `updated_at` timestamp NULL DEFAULT NULL
) ENGINE=InnoDB DEFAULT CHARSET=utf8mb4 COLLATE=utf8mb4_unicode_ci;

--
-- Dumping data for table `agency_customer`
--

INSERT INTO `agency_customer` (`id`, `customer_id`, `agency_id`, `created_at`, `updated_at`) VALUES
(1, 11, 2, '2018-02-25 02:02:40', NULL),
(2, 12, 2, '2018-02-26 07:03:14', NULL),
(3, 13, 2, '2018-02-26 07:46:04', NULL);

-- --------------------------------------------------------

--
-- Table structure for table `agency_emails`
--

CREATE TABLE `agency_emails` (
  `id` int(10) UNSIGNED NOT NULL,
  `agency_id` int(10) UNSIGNED NOT NULL,
  `email` varchar(191) COLLATE utf8mb4_unicode_ci DEFAULT NULL,
  `created_at` timestamp NULL DEFAULT NULL,
  `updated_at` timestamp NULL DEFAULT NULL
) ENGINE=InnoDB DEFAULT CHARSET=utf8mb4 COLLATE=utf8mb4_unicode_ci;

-- --------------------------------------------------------

--
-- Table structure for table `agency_pricings`
--

CREATE TABLE `agency_pricings` (
  `id` int(10) UNSIGNED NOT NULL,
  `package_id` int(10) UNSIGNED NOT NULL,
  `agency_id` int(10) UNSIGNED NOT NULL,
  `pricing_type_id` int(10) UNSIGNED NOT NULL,
  `price` decimal(15,2) NOT NULL,
  `created_at` timestamp NULL DEFAULT NULL,
  `updated_at` timestamp NULL DEFAULT NULL,
  `country_id` int(10) UNSIGNED NOT NULL
) ENGINE=InnoDB DEFAULT CHARSET=utf8mb4 COLLATE=utf8mb4_unicode_ci;

--
-- Dumping data for table `agency_pricings`
--

INSERT INTO `agency_pricings` (`id`, `package_id`, `agency_id`, `pricing_type_id`, `price`, `created_at`, `updated_at`, `country_id`) VALUES
(1, 5, 2, 3, '3000.00', '2017-12-29 08:30:12', '2017-12-29 08:33:06', 1);

-- --------------------------------------------------------

--
-- Table structure for table `associations`
--

CREATE TABLE `associations` (
  `id` int(10) UNSIGNED NOT NULL,
  `name` varchar(191) COLLATE utf8mb4_unicode_ci NOT NULL,
  `created_at` timestamp NULL DEFAULT NULL,
  `updated_at` timestamp NULL DEFAULT NULL
) ENGINE=InnoDB DEFAULT CHARSET=utf8mb4 COLLATE=utf8mb4_unicode_ci;

--
-- Dumping data for table `associations`
--

INSERT INTO `associations` (`id`, `name`, `created_at`, `updated_at`) VALUES
(2, 'PREGNANCY TEST', '2017-12-29 07:43:09', '2017-12-29 07:43:09'),
(3, 'XRAY', '2017-12-29 07:44:38', '2017-12-29 08:14:16'),
(4, 'GAMCA PACKAGE', '2017-12-29 08:12:03', '2017-12-29 08:12:03'),
(5, 'DOH PACKAGE', '2017-12-29 08:12:22', '2017-12-29 08:12:22'),
(6, 'LOCAL PACKAGE', '2017-12-29 08:12:48', '2017-12-29 08:12:48');

-- --------------------------------------------------------

--
-- Table structure for table `categories`
--

CREATE TABLE `categories` (
  `id` int(10) UNSIGNED NOT NULL,
  `name` varchar(191) COLLATE utf8mb4_unicode_ci NOT NULL,
  `created_at` timestamp NULL DEFAULT NULL,
  `updated_at` timestamp NULL DEFAULT NULL
) ENGINE=InnoDB DEFAULT CHARSET=utf8mb4 COLLATE=utf8mb4_unicode_ci;

--
-- Dumping data for table `categories`
--

INSERT INTO `categories` (`id`, `name`, `created_at`, `updated_at`) VALUES
(2, 'SEROLOGY', '2017-12-29 07:38:26', '2017-12-29 07:38:26'),
(3, 'HEMATOLOGY', '2017-12-29 07:49:11', '2017-12-29 07:49:11'),
(4, 'CHEMISTRY', '2017-12-29 07:49:18', '2017-12-29 07:49:18'),
(5, 'CHEST X-RAY', '2017-12-29 07:51:36', '2017-12-29 07:51:36'),
(6, 'CLINICAL MICROSCOPY', '2017-12-29 08:00:15', '2018-02-20 11:08:34');

-- --------------------------------------------------------

--
-- Table structure for table `countries`
--

CREATE TABLE `countries` (
  `id` int(10) UNSIGNED NOT NULL,
  `name` varchar(191) COLLATE utf8mb4_unicode_ci NOT NULL,
  `association_id` int(10) UNSIGNED NOT NULL,
  `created_at` timestamp NULL DEFAULT NULL,
  `updated_at` timestamp NULL DEFAULT NULL
) ENGINE=InnoDB DEFAULT CHARSET=utf8mb4 COLLATE=utf8mb4_unicode_ci;

--
-- Dumping data for table `countries`
--

INSERT INTO `countries` (`id`, `name`, `association_id`, `created_at`, `updated_at`) VALUES
(1, 'KUWAIT', 4, '2017-12-29 08:20:12', '2017-12-29 08:20:12'),
(2, 'SAUDI', 4, '2017-12-29 08:20:28', '2017-12-29 08:20:28'),
(3, 'OMAN', 4, '2017-12-29 08:20:37', '2017-12-29 08:20:37'),
(4, 'QATAR', 4, '2017-12-29 08:20:46', '2017-12-29 08:20:46'),
(5, 'JAPAN', 5, '2017-12-29 08:21:02', '2017-12-29 08:21:02'),
(6, 'SOUTH KOREA', 5, '2017-12-29 08:21:19', '2017-12-29 08:21:19'),
(7, 'PAPUA', 5, '2017-12-29 08:21:30', '2017-12-29 08:21:30'),
(8, 'BAHRAIN', 4, '2017-12-29 08:21:48', '2017-12-29 08:21:48');

-- --------------------------------------------------------

--
-- Table structure for table `country_customer`
--

CREATE TABLE `country_customer` (
  `id` int(10) UNSIGNED NOT NULL,
  `customer_id` int(10) UNSIGNED NOT NULL,
  `country_id` int(10) UNSIGNED NOT NULL,
  `created_at` timestamp NULL DEFAULT NULL,
  `updated_at` timestamp NULL DEFAULT NULL
) ENGINE=InnoDB DEFAULT CHARSET=utf8mb4 COLLATE=utf8mb4_unicode_ci;

--
-- Dumping data for table `country_customer`
--

INSERT INTO `country_customer` (`id`, `customer_id`, `country_id`, `created_at`, `updated_at`) VALUES
(1, 11, 1, '2018-02-25 02:02:40', NULL),
(2, 12, 1, '2018-02-26 07:03:14', NULL),
(3, 13, 1, '2018-02-26 07:46:04', NULL);

-- --------------------------------------------------------

--
-- Table structure for table `customers`
--

CREATE TABLE `customers` (
  `id` int(10) UNSIGNED NOT NULL,
  `last_name` varchar(191) COLLATE utf8mb4_unicode_ci NOT NULL,
  `first_name` varchar(191) COLLATE utf8mb4_unicode_ci NOT NULL,
  `middle_name` varchar(191) COLLATE utf8mb4_unicode_ci DEFAULT NULL,
  `name_extension` varchar(191) COLLATE utf8mb4_unicode_ci DEFAULT NULL,
  `gender` varchar(191) COLLATE utf8mb4_unicode_ci NOT NULL,
  `birthdate` date NOT NULL,
  `address` varchar(191) COLLATE utf8mb4_unicode_ci DEFAULT NULL,
  `contact_number` varchar(191) COLLATE utf8mb4_unicode_ci DEFAULT NULL,
  `remarks` varchar(191) COLLATE utf8mb4_unicode_ci DEFAULT NULL,
  `photo` longtext COLLATE utf8mb4_unicode_ci,
  `created_at` timestamp NULL DEFAULT NULL,
  `updated_at` timestamp NULL DEFAULT NULL,
  `barcode` varchar(20) COLLATE utf8mb4_unicode_ci NOT NULL
) ENGINE=InnoDB DEFAULT CHARSET=utf8mb4 COLLATE=utf8mb4_unicode_ci;

--
-- Dumping data for table `customers`
--

INSERT INTO `customers` (`id`, `last_name`, `first_name`, `middle_name`, `name_extension`, `gender`, `birthdate`, `address`, `contact_number`, `remarks`, `photo`, `created_at`, `updated_at`, `barcode`) VALUES
(11, 'DELA CRUZ', 'JUANS', 'A', NULL, 'MALE', '1996-01-01', 'Davao City, Davao City', '200-200', 'PASSPORT', NULL, '2018-02-25 02:02:40', '2018-02-26 05:20:53', '20180225886526'),
(12, 'Dela Cerna', 'Joan', 'E', NULL, 'MALE', '2018-02-01', 'Davao City', '31', 'Passport', 'JFF3AiiaSu.jpg', '2018-02-26 07:03:13', '2018-02-26 07:03:45', '20180226830624'),
(13, 'Manalo', 'Jose', 'M', NULL, 'MALE', '2018-02-01', 'Davao City', '12312', 'Passport', 'jLHQNBHJOq.jpg', '2018-02-26 07:46:03', '2018-02-26 07:46:16', '20180226764365');

-- --------------------------------------------------------

--
-- Table structure for table `fingerprints`
--

CREATE TABLE `fingerprints` (
  `id` int(10) UNSIGNED NOT NULL,
  `customer_id` int(10) UNSIGNED NOT NULL,
  `finger` varchar(191) COLLATE utf8mb4_unicode_ci NOT NULL,
  `templates` blob NOT NULL,
  `hash` varchar(191) COLLATE utf8mb4_unicode_ci DEFAULT NULL,
  `created_at` timestamp NULL DEFAULT NULL,
  `updated_at` timestamp NULL DEFAULT NULL
) ENGINE=InnoDB DEFAULT CHARSET=utf8mb4 COLLATE=utf8mb4_unicode_ci;

--
-- Dumping data for table `fingerprints`
--

INSERT INTO `fingerprints` (`id`, `customer_id`, `finger`, `templates`, `hash`, `created_at`, `updated_at`) VALUES
(1, 11, 'RIGHT INDEX', 0x01001b0010010000464d52002032300001100033feff00000165018800c500c50100000056288088005a6064407401574d6340c700394f6240880151486140c700899b5e80d0012a445e80b60096435d8041004f6b5d40580143445d4037013d3c5c407c0030b25b405b012d375b409000d8905b4040011a325a40b9006ea05980e100e89a58409800c79257409f01434657408300aa7f5640cb01484b5540e6005a9e55404000b28155406e00726e54808401323e5440b300f33a5380de0095445140ff00be9b50403c00e187504047014e4a504050012a9b4f4097002c584c404d01624b4a80f701004149408c00f59547404700e52842008f00ada135006900466634009000c18f33008e00aaa22b010c00c19e2b000079007300740065006d00330032005c006d007300770073006f0063006b002e0064006c006c00000000000000000000000000000000000000000000000000000000000000000000000000000000000000000000000000000000000000000000000000000000000000000000000000000000000000000000000000000000000000000000000000000000000000000000000000000000000000000000000000000000000000000000000000000000000000000000000000000000000000000000000000000000000000000000000000000000000000000000000000000000000000a10200a39ff50600a02fca077885cc070000000000000000000000000000000000000000000000000000000000000000000000000000000000000000000000000000000000000000000000000000000000000000000000000000000000000000000000000000000000000000000000000000000000000000000000000000000000000000000000000000000000000000000000000000000000000000000000000000000000000000000000000000000000000000000000000000000000000000000000000000000000000000000000000000000000000000000000000000000000000000000000000000000000000000000000000000000000000000000000000000000000000000000000000000000094000195c5f4060c88f0ce0730ed59000000000000000000000000006600020000000000000000000000000008000000c0b0eaf9d426d011bbbf00aa006c34e4f1030000010000000000000000000000000000000000000000000000000000000000000002000000170000001c0000001c0000000100000006000000000000000000000000000000000000000000000040002500530079007300740065006d0052006f006f00740025005c00530079007300740065006d00330032005c006d007300770073006f0063006b002e0064006c006c002c002d003600300032003000300000000000000000000000000000000000000000000000000000000000000000000000000000000000000000000000000000000000000000000000000000000000000000000000000000000000000000000000000000000000000000000000000000000000000000000000000000000000000000000000000000000000000000000000000000000000000000000000000000000000000000000000000000000000000000000000000000000000000000000000000000000000000000000000000000000000000000000000000000000000000000000000000000000000000000000000000000000000000000000000000000000000000000000000000000000000000000000000000000000000000000000000000000000000000000000000000000000000000000000000000000000000000000000000000000000000000000000000000000000000000000000000000000000000000000000000000000000000000000000000000000000000000000000000000000000000000000000000000000000000000000000000000000000000000000000000000000000000000000000000000000000000000000000000000000002500530079007300740065006d0052006f006f00740025005c00730079007300740065006d00330032005c006d007300770073006f0063006b002e0064006c006c00000000000000000000000000000000000000000000000000000000000000000000000000000000000000000000000000000000000000000000000000000000000000000000, NULL, '2018-02-26 06:32:32', '2018-02-26 06:32:32'),
(2, 11, 'LEFT INDEX', 0x01001b000a010000464d520020323000010a0033feff00000165018800c500c5010000005627409b0108496240c0003c4b6140a30063485f4060005a7c5e406b00c68d5e40ad00cc3e5e406500a4855d409f012c4f5c80cb00ec4b5b407400ab8c5b40be0106515b408201084c59404001050a588063001a065840e800d3435780860048a9578061006e1b5640d0006a9956402f00742256806f004f065540860067685540a50076945340830097905140d100b03f50803a00ef1b4e803b0032784d4051010c0049406300d27c48404a00ef1c484099013755454086008f923e407e007d7f3c40fc00b29e3a406700e570380061000e6e34006100f4a534006800ef3e2f006900f4622f002600ef1a2c000025005c00730079007300740065006d00330032005c006d007300770073006f0063006b002e0064006c006c00000000000000000000000000000000000000000000000000000000000000000000000000000000000000000000000000000000000000000000000000000000000000000000000000000000000000000000000000000000000000000000000000000000000000000000000000000000000000000000000000000000000000000000000000000000000000000000000000000000000000000000000000000000000000000000000000000000000000000000000000000049004e00d80100d9c0ec0200585cd20788dfd407570049004e0044004f00570053005c00530079007300740065006d00330032005c005700620065006d003b0043003a005c00570049004e0044004f00570053005c00530079007300740065006d00330032005c00570069006e0064006f007700730050006f007700650072005300680065006c006c005c00760031002e0030005c003b0043003a005c00500072006f006700720061006d002000460069006c00650073002000280078003800360029005c00410054004900200054006500630068006e006f006c006f0067006900650073005c004100540049002e004100430045005c0043006f00720065002d005300740061007400690063003b0043003a00940001959aed020c98bece07d0467b000000000000000000000000006600020000000000000000000000000008000000c0b0eaf9d426d011bbbf00aa006c34e4f1030000010000000000000000000000000000000000000000000000000000000000000002000000170000001c0000001c0000000100000006000000000000000000000000000000000000000000000040002500530079007300740065006d0052006f006f00740025005c00530079007300740065006d00330032005c006d007300770073006f0063006b002e0064006c006c002c002d003600300032003000300000000000000000000000000000000000000000000000000000000000000000000000000000000000000000000000000000000000000000000000000000000000000000000000000000000000000000000000000000000000000000000000000000000000000000000000000000000000000000000000000000000000000000000000000000000000000000000000000000000000000000000000000000000000000000000000000000000000000000000000000000000000000000000000000000000000000000000000000000000000000000000000000000000000000000000000000000000000000000000000000000000000000000000000000000000000000000000000000000000000000000000000000000000000000000000000000000000000000000000000000000000000000000000000000000000000000000000000000000000000000000000000000000000000000000000000000000000000000000000000000000000000000000000000000000000000000000000000000000000000000000000000000000000000000000000000000000000000000000000000000000000000000000000000000000002500530079007300740065006d0052006f006f00740025005c00730079007300740065006d00330032005c006d007300770073006f0063006b002e0064006c006c00000000000000000000000000000000000000000000000000000000000000000000000000000000000000000000000000000000000000000000000000000000000000000000, NULL, '2018-02-26 07:00:32', '2018-02-26 07:00:32'),
(3, 11, 'LEFT INDEX', 0x01001b000a010000464d520020323000010a0033feff00000165018800c500c5010000005627409b0108496240c0003c4b6140a30063485f4060005a7c5e406b00c68d5e40ad00cc3e5e406500a4855d409f012c4f5c80cb00ec4b5b407400ab8c5b40be0106515b408201084c59404001050a588063001a065840e800d3435780860048a9578061006e1b5640d0006a9956402f00742256806f004f065540860067685540a50076945340830097905140d100b03f50803a00ef1b4e803b0032784d4051010c0049406300d27c48404a00ef1c484099013755454086008f923e407e007d7f3c40fc00b29e3a406700e570380061000e6e34006100f4a534006800ef3e2f006900f4622f002600ef1a2c000025005c00730079007300740065006d00330032005c006d007300770073006f0063006b002e0064006c006c00000000000000000000000000000000000000000000000000000000000000000000000000000000000000000000000000000000000000000000000000000000000000000000000000000000000000000000000000000000000000000000000000000000000000000000000000000000000000000000000000000000000000000000000000000000000000000000000000000000000000000000000000000000000000000000000000000000000000000000000000000049004e00d80100d9c0ec0200585cd20788dfd407570049004e0044004f00570053005c00530079007300740065006d00330032005c005700620065006d003b0043003a005c00570049004e0044004f00570053005c00530079007300740065006d00330032005c00570069006e0064006f007700730050006f007700650072005300680065006c006c005c00760031002e0030005c003b0043003a005c00500072006f006700720061006d002000460069006c00650073002000280078003800360029005c00410054004900200054006500630068006e006f006c006f0067006900650073005c004100540049002e004100430045005c0043006f00720065002d005300740061007400690063003b0043003a00940001959aed020c98bece07d0467b000000000000000000000000006600020000000000000000000000000008000000c0b0eaf9d426d011bbbf00aa006c34e4f1030000010000000000000000000000000000000000000000000000000000000000000002000000170000001c0000001c0000000100000006000000000000000000000000000000000000000000000040002500530079007300740065006d0052006f006f00740025005c00530079007300740065006d00330032005c006d007300770073006f0063006b002e0064006c006c002c002d003600300032003000300000000000000000000000000000000000000000000000000000000000000000000000000000000000000000000000000000000000000000000000000000000000000000000000000000000000000000000000000000000000000000000000000000000000000000000000000000000000000000000000000000000000000000000000000000000000000000000000000000000000000000000000000000000000000000000000000000000000000000000000000000000000000000000000000000000000000000000000000000000000000000000000000000000000000000000000000000000000000000000000000000000000000000000000000000000000000000000000000000000000000000000000000000000000000000000000000000000000000000000000000000000000000000000000000000000000000000000000000000000000000000000000000000000000000000000000000000000000000000000000000000000000000000000000000000000000000000000000000000000000000000000000000000000000000000000000000000000000000000000000000000000000000000000000000000002500530079007300740065006d0052006f006f00740025005c00730079007300740065006d00330032005c006d007300770073006f0063006b002e0064006c006c00000000000000000000000000000000000000000000000000000000000000000000000000000000000000000000000000000000000000000000000000000000000000000000, NULL, '2018-02-26 07:00:32', '2018-02-26 07:00:32'),
(4, 12, 'RIGHT INDEX', 0x01001b0022010000464d52002032300001220033feff00000165018800c500c501000000562b802e00b68564405d01505162409e00814d6240a000215461408400c6965e80f100d8465e404a011c385e40f500c5435d409b01424f5d40560027045c40d80127525c40d1014d5e5c40f501355a5c80dd00c7a05b406f001f5e5a40c600754b5a80d60108485a8068004f655940af012d4f5840af006ea5584051006d765740690161545740af00d93f564089014b5456809e0054a755404d01464453406701293d5240fb01235a51408a00b49850808f01234750804100e52f5040c6003da34f406d0140444f40e601435a4f40f901094f4e40ee009ca04d4071009e854c80950078a0464060012aa146803b00e58d45007d009ea534008300b09631010e00b0a12d00007300770073006f0063006b002e0064006c006c000000000000000000000000000000000000000000000000000000000000000000000000000000000000000000000000000000000000000000000000000000000000000000000000000000000000000000000000000000000000000000000000000000000000000000000000000000000000000000000000000000000000000000000000000000000000000000000000000000000000000000000000000000000000000000000000000000000000000000000000000000000000000000000000000000000000000000000000000000000000000000000000000000000000000000000000000000000000000000000000000000000000000000000000000000000000000000000000000000000000000000000000000000000000000000000000000000000000000000000000000000000000000000000000000000000000000000000000000000000000000000000000000000000000000000000000000000000000000000000000000000000000000000000000000000000000000000000000000000000000000000000000000000000000000000000000000000000000000000000000000000000000000000000000000000000000000000000000000000000000000000000000000000940001959aed040c0063540b7017d207000000000000000000000000090602000000000000000000000000000c000000a01a0fe78babcf118ca300805f48a192f00300000100000000000000000000000000000000000000000000000000000000000000020000000200000010000000100000000300000000000000ff0000000000000000000000008000000000000040002500530079007300740065006d0052006f006f00740025005c00530079007300740065006d00330032005c006d007300770073006f0063006b002e0064006c006c002c002d00360030003100300032000000000000000000000000000000000000000000000000000000000000000000000000000000000000000000000000000000000000000000000000000000000000000000000000000000000000000000000000000000000000000000000000000000000000000000000000000000000000000000000000000000000000000000000000000000000000000000000000000000000000000000000000000000000000000000000000000000000000000000000000000000000000000000000000000000000000000000000000000000000000000000000000000000000000000000000000000000000000000000000000000000000000000000000000000000000000000000000000000000000000000000000000000000000000000000000000000000000000000000000000000000000000000000000000000000000000000000000000000000000000000000000000000000000000000000000000000000000000000000000000000000000000000000000000000000000000000000000000000000000000000000000000000000000000000000000000000000000000000000000000000000000000000000000000000000000000000000000000000000000000000000000000000000000000000000000000000000000000000000000000000000000000000000000000000000000000000000000000000000000000000000000000000000000000000000000000000000000000000000000000000000000000000000000000000000000000000000000000000000000000, NULL, '2018-02-26 07:39:13', '2018-02-26 07:45:01'),
(5, 13, 'RIGHT INDEX', 0x01001b0052010000464d52002032300001520033feff00000165018800c500c5010000005633806100ab855f40f5014d5a5e40c1013c4c5d81010109465d40740113375d40b600c5955c40e50070a45b40900022025b40d6012a4b5b408e0157515b409001213c5a40de00db3e5a40b00146515a40db0022525980a0004d62574060012c3c57408800677356407100db2d5641020129505680bf00b29855810e00cb9e55811f00dd445380a6001f5a53409301364453408401464c5240d40057a55180b9011f47514056004d71504074013a455040d200814b4f806800d98c4f806101414e4d40ff0041a24c80a5009e854c408801209e4a404b01364b48803c00be83474123009f9d46410e01475a3e40b600e2993c80cb007a9e3c804801059039404001092f3940af009ea23740840163563740b300b09436403700ee2d36007e003966320088015db22f003500c3252e003400d82f2900000000000000000000000000000000000000000000000000000000000000000000000000000000000000000000000000000000000000000000000000000000000000000000000000000000000000000000000000000000000000000000000000000000000000000000000000000000000000000000000000000000000000000000000000000000000000000000000000000000000000000000000000000000000000000000000000000000000000000000000000000000000000000000000000000000000000000000000000000000000000000000000000000000000000000000000000000000000000000000000000000000000000000000000000000000000000000000000000000000000000000000000000000000000000000000000000000000000000000000000000000000000000002500530079007300740065006d0052006f006f00740025005c00730079007300740065006d00330032005c006d007300770073006f0063006b002e0064006c006c0000000000000001000000000000000000000000000000000000000000000000000000000000000000000000000000000000009f00000000000000000000000000000000000000000000000000000000000000000000000b000000000000000000000000000000170100000000000001000000000000000000000000000000000000000000000000000000000000000000000000000000000000006600000000000000000000000000000000000000000000000000000000000000000000000b00000000000000ffff000000000000c020800040000000b001d3070b60c51900010080000000000000000000000000020000000000000000000000000000000000000000000000000000000000000000000000000000000600000000000000ffffffff0000000000000000ffffffff010000001c603019a9040080500072006f00760069006400650072003d004d006900630072006f0073006f00660074002e004a00650074002e004f004c004500440042002e0034002e0030003b004400610074006100200053006f0075007200630065003d005c005c003100390032002e003100360038002e0031002e0036005c00680079006100740074005c00740069006d0065006b00650065009400019526ec040cc879d007180ed20700000000000000000000000006000200000000000000000000000000080000003d527239f12ad111b65500805f3642ccf40300000100000000000000000000000000000000000000000000000000000000000000020000001a0000002000000008000000010000000100000000000000000000000000000000000000000000004d0053004100460044002000490072006400610020005b0049007200440041005d0000000000000000000000000000000000000000000000000000000000000000000000000000000000000000000000000000000000000000000000000000000000000000000000000000000000000000000000000000000000000000000000000000000000000000000000000000000000000000000000000000000000000000000000000000000000000000000000000000000000000000000000000000000000000000000000000000000000000000000000000000000000000000000000000000000000000000000000000000000000000000000000000000, NULL, '2018-02-26 07:46:56', '2018-02-26 07:46:56'),
(8, 13, '', 0x53797374656d2e494f2e46696c6553747265616d, NULL, NULL, NULL),
(9, 13, '', 0x53797374656d2e494f2e46696c6553747265616d, NULL, NULL, NULL);

-- --------------------------------------------------------

--
-- Table structure for table `inventory_lab_result_items`
--

CREATE TABLE `inventory_lab_result_items` (
  `id` int(10) UNSIGNED NOT NULL,
  `customer_id` int(10) UNSIGNED NOT NULL,
  `sale_id` int(10) UNSIGNED NOT NULL,
  `lab_result_id` int(10) UNSIGNED NOT NULL,
  `supply_id` int(10) UNSIGNED NOT NULL,
  `testqty` int(11) NOT NULL DEFAULT '0',
  `status` int(11) NOT NULL DEFAULT '0',
  `created_at` timestamp NULL DEFAULT NULL,
  `updated_at` timestamp NULL DEFAULT NULL
) ENGINE=InnoDB DEFAULT CHARSET=utf8 COLLATE=utf8_unicode_ci;

--
-- Dumping data for table `inventory_lab_result_items`
--

INSERT INTO `inventory_lab_result_items` (`id`, `customer_id`, `sale_id`, `lab_result_id`, `supply_id`, `testqty`, `status`, `created_at`, `updated_at`) VALUES
(17, 11, 40, 79, 9, 2, 1, '2018-02-25 02:02:41', '2018-03-07 07:50:15'),
(18, 11, 40, 79, 8, 3, 1, '2018-02-25 02:02:41', '2018-03-07 07:50:15');

-- --------------------------------------------------------

--
-- Table structure for table `inventory_receives`
--

CREATE TABLE `inventory_receives` (
  `id` int(10) UNSIGNED NOT NULL,
  `date_received` date NOT NULL,
  `remarks` text COLLATE utf8mb4_unicode_ci NOT NULL,
  `created_at` timestamp NULL DEFAULT NULL,
  `updated_at` timestamp NULL DEFAULT NULL
) ENGINE=InnoDB DEFAULT CHARSET=utf8mb4 COLLATE=utf8mb4_unicode_ci;

--
-- Dumping data for table `inventory_receives`
--

INSERT INTO `inventory_receives` (`id`, `date_received`, `remarks`, `created_at`, `updated_at`) VALUES
(2, '2018-02-01', 'None', '2018-02-14 08:31:43', '2018-02-14 08:31:43'),
(3, '2018-02-01', 'asdas', '2018-02-14 08:57:33', '2018-02-14 08:57:33'),
(4, '2018-02-01', 'nONE', '2018-02-17 04:52:52', '2018-02-17 04:52:52');

-- --------------------------------------------------------

--
-- Table structure for table `inventory_receive_items`
--

CREATE TABLE `inventory_receive_items` (
  `id` int(10) UNSIGNED NOT NULL,
  `inventory_receive_id` int(10) UNSIGNED NOT NULL,
  `supply_id` int(10) UNSIGNED NOT NULL,
  `quantity` int(11) NOT NULL DEFAULT '0',
  `lot_number` varchar(191) COLLATE utf8mb4_unicode_ci DEFAULT NULL,
  `date_expired` date DEFAULT NULL,
  `created_at` timestamp NULL DEFAULT NULL,
  `updated_at` timestamp NULL DEFAULT NULL
) ENGINE=InnoDB DEFAULT CHARSET=utf8mb4 COLLATE=utf8mb4_unicode_ci;

--
-- Dumping data for table `inventory_receive_items`
--

INSERT INTO `inventory_receive_items` (`id`, `inventory_receive_id`, `supply_id`, `quantity`, `lot_number`, `date_expired`, `created_at`, `updated_at`) VALUES
(1, 2, 8, 5000, 'ASD1200', '2018-02-01', '2018-02-14 08:31:43', '2018-02-14 08:31:43'),
(2, 2, 8, 500, 'ASD123', '2018-02-06', '2018-02-14 08:31:44', '2018-02-14 08:31:44'),
(3, 2, 6, 200, '123', NULL, '2018-02-14 08:31:44', '2018-02-14 08:31:44'),
(4, 2, 9, 20, 'asd200', '2018-02-01', '2018-02-14 08:31:44', '2018-02-14 08:31:44'),
(5, 3, 11, 200, 'qwe321', '2018-02-01', '2018-02-14 08:57:33', '2018-02-14 08:57:33'),
(6, 3, 10, 50, '123QWE', '2018-02-01', '2018-02-14 08:57:34', '2018-02-14 08:57:34'),
(7, 4, 29, 500, 'KAJSD', '2018-02-01', '2018-02-17 04:52:52', '2018-02-17 04:52:52');

-- --------------------------------------------------------

--
-- Table structure for table `inventory_returns`
--

CREATE TABLE `inventory_returns` (
  `id` int(10) UNSIGNED NOT NULL,
  `date_return` date NOT NULL,
  `remarks` text COLLATE utf8mb4_unicode_ci NOT NULL,
  `created_at` timestamp NULL DEFAULT NULL,
  `updated_at` timestamp NULL DEFAULT NULL
) ENGINE=InnoDB DEFAULT CHARSET=utf8mb4 COLLATE=utf8mb4_unicode_ci;

-- --------------------------------------------------------

--
-- Table structure for table `inventory_return_items`
--

CREATE TABLE `inventory_return_items` (
  `id` int(10) UNSIGNED NOT NULL,
  `inventory_return_id` int(10) UNSIGNED NOT NULL,
  `supply_id` int(10) UNSIGNED NOT NULL,
  `quantity` int(11) NOT NULL DEFAULT '0',
  `lot_number` varchar(255) COLLATE utf8_unicode_ci DEFAULT NULL,
  `date_expired` date DEFAULT NULL,
  `created_at` timestamp NULL DEFAULT NULL,
  `updated_at` timestamp NULL DEFAULT NULL,
  `remarks` text COLLATE utf8_unicode_ci NOT NULL
) ENGINE=InnoDB DEFAULT CHARSET=utf8 COLLATE=utf8_unicode_ci;

-- --------------------------------------------------------

--
-- Table structure for table `lab_results`
--

CREATE TABLE `lab_results` (
  `id` int(10) UNSIGNED NOT NULL,
  `customer_id` int(10) UNSIGNED NOT NULL,
  `sale_id` int(10) UNSIGNED NOT NULL,
  `service_id` int(10) UNSIGNED NOT NULL,
  `category_name` varchar(191) COLLATE utf8mb4_unicode_ci NOT NULL,
  `name` varchar(191) COLLATE utf8mb4_unicode_ci NOT NULL,
  `remarks` text COLLATE utf8mb4_unicode_ci,
  `interpret` text COLLATE utf8mb4_unicode_ci,
  `created_at` timestamp NULL DEFAULT NULL,
  `updated_at` timestamp NULL DEFAULT NULL,
  `file_no` varchar(255) COLLATE utf8mb4_unicode_ci DEFAULT NULL,
  `is_done` int(11) NOT NULL DEFAULT '0'
) ENGINE=InnoDB DEFAULT CHARSET=utf8mb4 COLLATE=utf8mb4_unicode_ci;

--
-- Dumping data for table `lab_results`
--

INSERT INTO `lab_results` (`id`, `customer_id`, `sale_id`, `service_id`, `category_name`, `name`, `remarks`, `interpret`, `created_at`, `updated_at`, `file_no`, `is_done`) VALUES
(79, 11, 40, 2, 'SEROLOGY', 'HEPATITIS PROFILE', NULL, NULL, '2018-02-25 02:02:41', '2018-02-28 11:11:17', NULL, 1),
(80, 11, 40, 5, 'SEROLOGY', 'HCV', NULL, NULL, '2018-02-25 02:02:41', '2018-02-25 02:02:41', NULL, 0),
(81, 11, 40, 12, 'SEROLOGY', 'HIV', NULL, NULL, '2018-02-25 02:02:41', '2018-02-25 02:02:41', NULL, 0),
(82, 11, 40, 4, 'SEROLOGY', 'HBSAG', NULL, NULL, '2018-02-25 02:02:41', '2018-02-25 02:02:41', NULL, 0),
(83, 11, 40, 3, 'SEROLOGY', 'VDRL', NULL, NULL, '2018-02-25 02:02:41', '2018-02-25 02:02:41', NULL, 0),
(84, 11, 40, 9, 'CHEST X-RAY', 'PA/ALV', NULL, NULL, '2018-02-25 02:02:41', '2018-02-25 02:02:41', NULL, 0),
(85, 12, 41, 4, 'SEROLOGY', 'HBSAG', NULL, NULL, '2018-02-26 07:03:16', '2018-02-26 07:03:16', NULL, 0),
(86, 12, 41, 3, 'SEROLOGY', 'VDRL', NULL, NULL, '2018-02-26 07:03:18', '2018-02-26 07:03:18', NULL, 0),
(87, 12, 41, 9, 'CHEST X-RAY', 'PA/ALV', NULL, NULL, '2018-02-26 07:03:19', '2018-02-26 07:03:19', NULL, 0),
(88, 13, 42, 4, 'SEROLOGY', 'HBSAG', NULL, NULL, '2018-02-26 07:46:05', '2018-02-26 07:46:05', NULL, 0),
(89, 13, 42, 3, 'SEROLOGY', 'VDRL', NULL, NULL, '2018-02-26 07:46:05', '2018-02-26 07:46:05', NULL, 0),
(90, 13, 42, 9, 'CHEST X-RAY', 'PA/ALV', NULL, NULL, '2018-02-26 07:46:06', '2018-02-26 07:46:06', NULL, 0);

-- --------------------------------------------------------

--
-- Table structure for table `lab_result_items`
--

CREATE TABLE `lab_result_items` (
  `id` int(10) UNSIGNED NOT NULL,
  `lab_result_id` int(10) UNSIGNED NOT NULL,
  `name` varchar(191) COLLATE utf8mb4_unicode_ci NOT NULL,
  `group` varchar(191) COLLATE utf8mb4_unicode_ci DEFAULT NULL,
  `normal_values` varchar(191) COLLATE utf8mb4_unicode_ci DEFAULT NULL,
  `co_values` varchar(191) COLLATE utf8mb4_unicode_ci DEFAULT NULL,
  `result` varchar(191) COLLATE utf8mb4_unicode_ci DEFAULT NULL,
  `remarks` varchar(191) COLLATE utf8mb4_unicode_ci DEFAULT NULL,
  `created_at` timestamp NULL DEFAULT NULL,
  `updated_at` timestamp NULL DEFAULT NULL
) ENGINE=InnoDB DEFAULT CHARSET=utf8mb4 COLLATE=utf8mb4_unicode_ci;

--
-- Dumping data for table `lab_result_items`
--

INSERT INTO `lab_result_items` (`id`, `lab_result_id`, `name`, `group`, `normal_values`, `co_values`, `result`, `remarks`, `created_at`, `updated_at`) VALUES
(1, 79, '*HBsAg', 'TEST', NULL, '0.100', 'asds', '3', '2018-02-25 02:02:41', '2018-02-28 08:30:45'),
(2, 79, 'Anti - HBs', 'TEST', NULL, '10 mlI/mL', 'asd', NULL, '2018-02-25 02:02:41', '2018-02-28 06:57:39'),
(3, 79, 'HBeAg', 'TEST', NULL, '0.105', 'asd', NULL, '2018-02-25 02:02:41', '2018-02-28 06:57:39'),
(4, 79, 'Anti - HBc Total', 'TEST', NULL, '1.289', 'aass', NULL, '2018-02-25 02:02:41', '2018-02-28 06:57:40'),
(5, 79, 'Anti - HBc Total', 'TEST', NULL, '0.030', 'dasd', NULL, '2018-02-25 02:02:41', '2018-02-28 06:57:40'),
(6, 79, 'Aniti - HBc IgM', 'TEST', NULL, '0.105', 'asd', NULL, '2018-02-25 02:02:41', '2018-02-28 06:57:40'),
(7, 79, 'Aniti - HAV IgM', 'TEST', NULL, '0.105', 'asd', NULL, '2018-02-25 02:02:41', '2018-02-28 06:57:40'),
(8, 79, 'Anti - HCV', 'TEST', NULL, '0.150', 'asd', NULL, '2018-02-25 02:02:41', '2018-02-28 06:57:40'),
(9, 80, 'HCV', NULL, NULL, NULL, NULL, NULL, '2018-02-25 02:02:41', '2018-02-25 02:02:41'),
(10, 81, 'HIV', NULL, NULL, NULL, NULL, NULL, '2018-02-25 02:02:41', '2018-02-25 02:02:41'),
(11, 82, 'HBSAG', NULL, NULL, NULL, NULL, NULL, '2018-02-25 02:02:41', '2018-02-25 02:02:41'),
(12, 83, 'VDRL', NULL, NULL, NULL, NULL, NULL, '2018-02-25 02:02:41', '2018-02-25 02:02:41'),
(13, 85, 'HBSAG', NULL, NULL, NULL, NULL, NULL, '2018-02-26 07:03:17', '2018-02-26 07:03:17'),
(14, 86, 'VDRL', NULL, NULL, NULL, NULL, NULL, '2018-02-26 07:03:18', '2018-02-26 07:03:18'),
(15, 88, 'HBSAG', NULL, NULL, NULL, NULL, NULL, '2018-02-26 07:46:05', '2018-02-26 07:46:05'),
(16, 89, 'VDRL', NULL, NULL, NULL, NULL, NULL, '2018-02-26 07:46:06', '2018-02-26 07:46:06');

-- --------------------------------------------------------

--
-- Table structure for table `migrations`
--

CREATE TABLE `migrations` (
  `id` int(10) UNSIGNED NOT NULL,
  `migration` varchar(191) COLLATE utf8mb4_unicode_ci NOT NULL,
  `batch` int(11) NOT NULL
) ENGINE=InnoDB DEFAULT CHARSET=utf8mb4 COLLATE=utf8mb4_unicode_ci;

--
-- Dumping data for table `migrations`
--

INSERT INTO `migrations` (`id`, `migration`, `batch`) VALUES
(1, '2014_10_12_000000_create_users_table', 1),
(2, '2014_10_12_100000_create_password_resets_table', 1),
(3, '2017_12_02_025256_create_roles_table', 1),
(4, '2017_12_02_025823_create_role_user_table', 1),
(5, '2017_12_02_032632_create_associations_table', 1),
(6, '2017_12_02_033029_create_countries_table', 1),
(7, '2017_12_02_041447_create_agencies_table', 1),
(8, '2017_12_02_051652_create_categories_table', 1),
(9, '2017_12_02_053730_create_services_table', 1),
(10, '2017_12_02_055910_create_service_items_table', 1),
(11, '2017_12_02_104632_create_packages_table', 1),
(12, '2017_12_02_112406_package_service', 1),
(13, '2017_12_02_132351_create_customers_table', 1),
(14, '2017_12_03_011644_create_pricing_types_table', 1),
(15, '2017_12_03_043541_create_customer_country_table', 1),
(16, '2017_12_03_045538_create_sales_table', 1),
(17, '2017_12_03_050208_create_agency_pricings_table', 1),
(18, '2017_12_04_080639_create_agency_customer_table', 1),
(19, '2017_12_05_032416_create_payments_table', 1),
(20, '2017_12_05_062051_create_lab_results_table', 1),
(21, '2017_12_05_081656_create_lab_result_items_table', 1),
(22, '2017_12_06_035113_create_transmittals_table', 1),
(23, '2017_12_07_033957_create_fingerprints_table', 1),
(24, '2017_12_29_030830_create_agency_emails_table', 2),
(25, '2017_12_29_035259_create_agency_contacts_table', 2),
(26, '2017_12_29_152302_create_country_id_table', 3),
(27, '2018_01_02_111626_add_days_table_in_sales', 3),
(28, '2018_01_02_192318_create_req_transactions_table', 3),
(29, '2018_01_16_143849_create_barcode_id_in_customer_table', 4),
(30, '2018_01_17_155651_create_trans_id_column', 5),
(31, '2018_01_17_183658_drop_column_in_transmittal', 6),
(32, '2018_01_18_144627_create_service_prices_table', 7),
(33, '2018_02_06_143303_create_supplies_table', 8),
(34, '2018_02_13_160844_create_inventory_receives_table', 9),
(35, '2018_02_13_165656_create_inventory_returns_table', 9),
(36, '2018_02_14_142802_create_inventory_receive_items_table', 10),
(37, '2018_02_15_142140_create_xray_column_service', 11),
(38, '2018_02_16_130846_create_service_supplies_table', 12),
(39, '2018_02_16_145806_create_inventory_lab_result_items_table', 13),
(40, '2018_02_17_145719_create_inventory_return_items_table', 14),
(41, '2018_02_26_141451_create_settings_table', 15),
(42, '2018_02_27_143039_create_vaccines_table', 16);

-- --------------------------------------------------------

--
-- Table structure for table `packages`
--

CREATE TABLE `packages` (
  `id` int(10) UNSIGNED NOT NULL,
  `name` varchar(191) COLLATE utf8mb4_unicode_ci NOT NULL,
  `price` decimal(15,2) NOT NULL,
  `days` int(11) NOT NULL,
  `created_at` timestamp NULL DEFAULT NULL,
  `updated_at` timestamp NULL DEFAULT NULL
) ENGINE=InnoDB DEFAULT CHARSET=utf8mb4 COLLATE=utf8mb4_unicode_ci;

--
-- Dumping data for table `packages`
--

INSERT INTO `packages` (`id`, `name`, `price`, `days`, `created_at`, `updated_at`) VALUES
(2, 'PRE-MED', '550.00', 10, '2017-12-29 07:42:26', '2017-12-29 07:42:26'),
(3, 'PREGNANCY TEST', '170.00', 10, '2017-12-29 07:55:20', '2017-12-29 07:55:20'),
(4, 'PRE-MED WITH PREGNANCY TEST', '720.00', 10, '2017-12-29 07:56:51', '2017-12-29 07:56:51'),
(5, 'GAMCA PACKAGE', '3500.00', 90, '2017-12-29 08:08:58', '2017-12-29 08:08:58'),
(6, 'COMPRE-MED', '1100.00', 10, '2017-12-29 08:10:22', '2017-12-29 08:10:22');

-- --------------------------------------------------------

--
-- Table structure for table `package_service`
--

CREATE TABLE `package_service` (
  `id` int(10) UNSIGNED NOT NULL,
  `package_id` int(10) UNSIGNED NOT NULL,
  `service_id` int(10) UNSIGNED NOT NULL,
  `created_at` timestamp NULL DEFAULT NULL,
  `updated_at` timestamp NULL DEFAULT NULL
) ENGINE=InnoDB DEFAULT CHARSET=utf8mb4 COLLATE=utf8mb4_unicode_ci;

--
-- Dumping data for table `package_service`
--

INSERT INTO `package_service` (`id`, `package_id`, `service_id`, `created_at`, `updated_at`) VALUES
(3, 2, 4, NULL, NULL),
(4, 2, 3, NULL, NULL),
(5, 2, 9, NULL, NULL),
(6, 3, 2, NULL, NULL),
(7, 4, 2, NULL, NULL),
(8, 4, 4, NULL, NULL),
(9, 4, 3, NULL, NULL),
(10, 4, 9, NULL, NULL),
(11, 5, 2, NULL, NULL),
(12, 5, 3, NULL, NULL),
(13, 5, 4, NULL, NULL),
(14, 5, 5, NULL, NULL),
(15, 5, 6, NULL, NULL),
(16, 5, 7, NULL, NULL),
(17, 5, 8, NULL, NULL),
(18, 5, 9, NULL, NULL),
(19, 5, 10, NULL, NULL),
(20, 5, 11, NULL, NULL),
(21, 5, 12, NULL, NULL),
(22, 5, 13, NULL, NULL),
(23, 5, 14, NULL, NULL),
(24, 6, 2, NULL, NULL),
(25, 6, 5, NULL, NULL),
(26, 6, 12, NULL, NULL),
(27, 6, 4, NULL, NULL),
(28, 6, 3, NULL, NULL),
(29, 6, 9, NULL, NULL);

-- --------------------------------------------------------

--
-- Table structure for table `password_resets`
--

CREATE TABLE `password_resets` (
  `email` varchar(191) COLLATE utf8mb4_unicode_ci NOT NULL,
  `token` varchar(191) COLLATE utf8mb4_unicode_ci NOT NULL,
  `created_at` timestamp NULL DEFAULT NULL
) ENGINE=InnoDB DEFAULT CHARSET=utf8mb4 COLLATE=utf8mb4_unicode_ci;

-- --------------------------------------------------------

--
-- Table structure for table `payments`
--

CREATE TABLE `payments` (
  `id` int(10) UNSIGNED NOT NULL,
  `sale_id` int(10) UNSIGNED NOT NULL,
  `customer_id` int(10) UNSIGNED NOT NULL,
  `amount` decimal(15,2) NOT NULL,
  `payment_id` int(11) NOT NULL,
  `created_at` timestamp NULL DEFAULT NULL,
  `updated_at` timestamp NULL DEFAULT NULL
) ENGINE=InnoDB DEFAULT CHARSET=utf8mb4 COLLATE=utf8mb4_unicode_ci;

-- --------------------------------------------------------

--
-- Table structure for table `pricing_types`
--

CREATE TABLE `pricing_types` (
  `id` int(10) UNSIGNED NOT NULL,
  `name` varchar(191) COLLATE utf8mb4_unicode_ci NOT NULL,
  `created_at` timestamp NULL DEFAULT NULL,
  `updated_at` timestamp NULL DEFAULT NULL
) ENGINE=InnoDB DEFAULT CHARSET=utf8mb4 COLLATE=utf8mb4_unicode_ci;

--
-- Dumping data for table `pricing_types`
--

INSERT INTO `pricing_types` (`id`, `name`, `created_at`, `updated_at`) VALUES
(3, 'DISCOUNT', '2017-12-29 08:29:30', '2017-12-29 08:29:30');

-- --------------------------------------------------------

--
-- Table structure for table `req_transactions`
--

CREATE TABLE `req_transactions` (
  `id` int(10) UNSIGNED NOT NULL,
  `user_id` int(11) DEFAULT NULL,
  `sale_id` int(10) UNSIGNED NOT NULL,
  `customer_id` int(10) UNSIGNED NOT NULL,
  `remarks` text COLLATE utf8mb4_unicode_ci,
  `status` int(11) NOT NULL DEFAULT '0',
  `created_at` timestamp NULL DEFAULT NULL,
  `updated_at` timestamp NULL DEFAULT NULL
) ENGINE=InnoDB DEFAULT CHARSET=utf8mb4 COLLATE=utf8mb4_unicode_ci;

-- --------------------------------------------------------

--
-- Table structure for table `roles`
--

CREATE TABLE `roles` (
  `id` int(10) UNSIGNED NOT NULL,
  `name` varchar(191) COLLATE utf8mb4_unicode_ci NOT NULL,
  `description` varchar(191) COLLATE utf8mb4_unicode_ci NOT NULL,
  `created_at` timestamp NULL DEFAULT NULL,
  `updated_at` timestamp NULL DEFAULT NULL
) ENGINE=InnoDB DEFAULT CHARSET=utf8mb4 COLLATE=utf8mb4_unicode_ci;

-- --------------------------------------------------------

--
-- Table structure for table `role_user`
--

CREATE TABLE `role_user` (
  `id` int(10) UNSIGNED NOT NULL,
  `role_id` int(10) UNSIGNED NOT NULL,
  `user_id` int(10) UNSIGNED NOT NULL,
  `created_at` timestamp NULL DEFAULT NULL,
  `updated_at` timestamp NULL DEFAULT NULL
) ENGINE=InnoDB DEFAULT CHARSET=utf8mb4 COLLATE=utf8mb4_unicode_ci;

-- --------------------------------------------------------

--
-- Table structure for table `sales`
--

CREATE TABLE `sales` (
  `id` int(10) UNSIGNED NOT NULL,
  `customer_id` int(10) UNSIGNED NOT NULL,
  `name` varchar(191) COLLATE utf8mb4_unicode_ci NOT NULL,
  `quantity` int(11) NOT NULL,
  `unit_price` decimal(15,2) NOT NULL,
  `discount` decimal(15,2) NOT NULL,
  `total_price` decimal(15,2) NOT NULL,
  `payment_id` int(11) NOT NULL,
  `agency_id` int(10) UNSIGNED NOT NULL,
  `status` int(11) NOT NULL DEFAULT '0',
  `created_at` timestamp NULL DEFAULT NULL,
  `updated_at` timestamp NULL DEFAULT NULL,
  `days` int(11) NOT NULL DEFAULT '0',
  `transcode` varchar(20) COLLATE utf8mb4_unicode_ci NOT NULL
) ENGINE=InnoDB DEFAULT CHARSET=utf8mb4 COLLATE=utf8mb4_unicode_ci;

--
-- Dumping data for table `sales`
--

INSERT INTO `sales` (`id`, `customer_id`, `name`, `quantity`, `unit_price`, `discount`, `total_price`, `payment_id`, `agency_id`, `status`, `created_at`, `updated_at`, `days`, `transcode`) VALUES
(40, 11, 'COMPRE-MED', 1, '1100.00', '100.00', '1000.00', 1, 2, 0, '2018-02-25 02:02:40', '2018-03-07 07:50:15', 9, '20180225710047'),
(41, 12, 'PRE-MED', 1, '550.00', '0.00', '550.00', 1, 2, 0, '2018-02-26 07:03:15', '2018-02-26 07:03:15', 9, '20180226541071'),
(42, 13, 'PRE-MED', 1, '550.00', '380.00', '170.00', 1, 2, 0, '2018-02-26 07:46:04', '2018-02-26 07:46:04', 9, '20180226992751');

-- --------------------------------------------------------

--
-- Table structure for table `services`
--

CREATE TABLE `services` (
  `id` int(10) UNSIGNED NOT NULL,
  `name` varchar(191) COLLATE utf8mb4_unicode_ci NOT NULL,
  `category_id` int(10) UNSIGNED NOT NULL,
  `created_at` timestamp NULL DEFAULT NULL,
  `updated_at` timestamp NULL DEFAULT NULL,
  `is_xray` int(11) NOT NULL DEFAULT '0'
) ENGINE=InnoDB DEFAULT CHARSET=utf8mb4 COLLATE=utf8mb4_unicode_ci;

--
-- Dumping data for table `services`
--

INSERT INTO `services` (`id`, `name`, `category_id`, `created_at`, `updated_at`, `is_xray`) VALUES
(2, 'HEPATITIS PROFILE', 2, '2017-12-29 07:41:54', '2018-02-20 09:03:25', 0),
(3, 'VDRL', 2, '2017-12-29 07:47:07', '2017-12-29 07:47:07', 0),
(4, 'HBSAG', 2, '2017-12-29 07:47:27', '2017-12-29 07:47:27', 0),
(5, 'HCV', 2, '2017-12-29 07:47:52', '2017-12-29 07:47:52', 0),
(6, 'FBS', 4, '2017-12-29 07:48:11', '2017-12-29 07:50:09', 0),
(7, 'SGPT', 4, '2017-12-29 07:48:26', '2017-12-29 07:51:00', 0),
(8, 'CREATININE', 4, '2017-12-29 07:48:49', '2017-12-29 07:50:33', 0),
(9, 'PA/ALV', 5, '2017-12-29 07:53:24', '2017-12-29 07:53:24', 1),
(10, 'BLOOD TYPING', 4, '2017-12-29 07:58:18', '2017-12-29 07:58:18', 0),
(11, 'HEMOGLOBIN', 4, '2017-12-29 07:59:01', '2017-12-29 07:59:01', 0),
(12, 'HIV', 2, '2017-12-29 07:59:22', '2017-12-29 07:59:22', 0),
(13, 'STOOL', 6, '2017-12-29 08:00:43', '2017-12-29 08:00:43', 0),
(14, 'URINALYSIS 10 PARAMETERS', 6, '2017-12-29 08:01:05', '2017-12-29 08:06:51', 0),
(15, 'Test', 2, '2018-01-18 07:54:17', '2018-01-18 07:54:17', 0),
(16, 'X-Ray', 5, '2018-01-18 07:55:03', '2018-01-18 07:55:03', 0),
(17, 'Test 123', 3, '2018-01-18 07:59:52', '2018-01-18 07:59:52', 0),
(18, 'SAmple', 2, '2018-01-18 08:03:01', '2018-01-18 08:03:01', 0),
(20, 'X-Ray Sample', 5, '2018-02-15 06:57:00', '2018-02-15 07:06:27', 1),
(21, 'Fecalysis', 6, '2018-02-20 11:14:15', '2018-02-20 11:14:15', 0);

-- --------------------------------------------------------

--
-- Table structure for table `service_items`
--

CREATE TABLE `service_items` (
  `id` int(10) UNSIGNED NOT NULL,
  `service_id` int(10) UNSIGNED NOT NULL,
  `service` varchar(191) COLLATE utf8mb4_unicode_ci NOT NULL,
  `cov` varchar(191) COLLATE utf8mb4_unicode_ci DEFAULT NULL,
  `group` varchar(191) COLLATE utf8mb4_unicode_ci DEFAULT NULL,
  `nv` text COLLATE utf8mb4_unicode_ci,
  `created_at` timestamp NULL DEFAULT NULL,
  `updated_at` timestamp NULL DEFAULT NULL
) ENGINE=InnoDB DEFAULT CHARSET=utf8mb4 COLLATE=utf8mb4_unicode_ci;

--
-- Dumping data for table `service_items`
--

INSERT INTO `service_items` (`id`, `service_id`, `service`, `cov`, `group`, `nv`, `created_at`, `updated_at`) VALUES
(1, 2, '*HBsAg', '0.100', 'TEST', NULL, '2017-12-29 07:41:54', '2018-02-20 09:03:25'),
(2, 3, 'VDRL', NULL, NULL, NULL, '2017-12-29 07:47:07', '2017-12-29 07:47:07'),
(3, 4, 'HBSAG', NULL, NULL, NULL, '2017-12-29 07:47:27', '2017-12-29 07:47:27'),
(4, 5, 'HCV', NULL, NULL, NULL, '2017-12-29 07:47:52', '2017-12-29 07:47:52'),
(5, 6, 'FBS', NULL, NULL, NULL, '2017-12-29 07:48:11', '2017-12-29 07:48:11'),
(6, 7, 'SGPT', NULL, NULL, NULL, '2017-12-29 07:48:26', '2017-12-29 07:48:26'),
(7, 8, 'CREATININE', NULL, NULL, NULL, '2017-12-29 07:48:49', '2017-12-29 07:48:49'),
(9, 10, 'BLOOD TYPING', NULL, NULL, NULL, '2017-12-29 07:58:18', '2017-12-29 07:58:18'),
(10, 11, 'HEMOGLOBIN', NULL, NULL, NULL, '2017-12-29 07:59:01', '2017-12-29 07:59:01'),
(11, 12, 'HIV', NULL, NULL, NULL, '2017-12-29 07:59:22', '2017-12-29 07:59:22'),
(12, 13, 'STOOL', NULL, NULL, NULL, '2017-12-29 08:00:43', '2017-12-29 08:00:43'),
(13, 14, 'COLOR CHARACTERISTICS', NULL, 'URINALYSIS', NULL, '2017-12-29 08:01:05', '2018-02-20 10:29:47'),
(14, 17, 'Test', NULL, NULL, NULL, '2018-01-18 07:59:52', '2018-01-18 07:59:52'),
(15, 2, 'Anti - HBs', '10 mlI/mL', 'TEST', NULL, '2018-02-20 09:03:25', '2018-02-20 09:03:25'),
(16, 2, 'HBeAg', '0.105', 'TEST', NULL, '2018-02-20 09:03:25', '2018-02-20 09:03:25'),
(17, 2, 'Anti - HBc Total', '1.289', 'TEST', NULL, '2018-02-20 09:03:26', '2018-02-20 09:03:26'),
(18, 2, 'Anti - HBc Total', '0.030', 'TEST', NULL, '2018-02-20 09:03:26', '2018-02-20 09:03:26'),
(19, 2, 'Aniti - HBc IgM', '0.105', 'TEST', NULL, '2018-02-20 09:03:26', '2018-02-20 09:03:26'),
(20, 2, 'Aniti - HAV IgM', '0.105', 'TEST', NULL, '2018-02-20 09:03:26', '2018-02-20 09:03:26'),
(21, 2, 'Anti - HCV', '0.150', 'TEST', NULL, '2018-02-20 09:03:26', '2018-02-20 09:03:26'),
(22, 14, 'pH', NULL, 'URINALYSIS', NULL, '2018-02-20 10:29:47', '2018-02-20 10:29:47'),
(23, 14, 'SG', NULL, 'URINALYSIS', NULL, '2018-02-20 10:29:47', '2018-02-20 10:29:47'),
(24, 14, 'Protein', NULL, 'URINALYSIS', NULL, '2018-02-20 10:29:47', '2018-02-20 10:29:47'),
(25, 14, 'Glucose', NULL, 'URINALYSIS', NULL, '2018-02-20 10:29:48', '2018-02-20 10:29:48'),
(26, 14, 'Leukocytes', NULL, 'URINALYSIS', NULL, '2018-02-20 10:29:48', '2018-02-20 10:29:48'),
(27, 14, 'Bilirubin', NULL, 'URINALYSIS', NULL, '2018-02-20 10:29:48', '2018-02-20 10:29:48'),
(28, 14, 'Blood', NULL, 'URINALYSIS', NULL, '2018-02-20 10:29:48', '2018-02-20 10:29:48'),
(29, 14, 'Urobilinogen', NULL, 'URINALYSIS', NULL, '2018-02-20 10:29:48', '2018-02-20 10:29:48'),
(30, 14, 'Ketone', NULL, 'URINALYSIS', NULL, '2018-02-20 10:29:48', '2018-02-20 10:29:48'),
(31, 14, 'Nitrite', NULL, 'URINALYSIS', NULL, '2018-02-20 10:29:48', '2018-02-20 10:29:48'),
(32, 14, 'Vit. C', NULL, 'URINALYSIS', NULL, '2018-02-20 10:29:48', '2018-02-20 10:29:48'),
(33, 14, 'Pus', NULL, 'MICROSCOPIC', NULL, '2018-02-20 10:29:48', '2018-02-20 10:29:48'),
(34, 14, 'RBC', NULL, 'MICROSCOPIC', NULL, '2018-02-20 10:29:48', '2018-02-20 10:29:48'),
(35, 14, 'Epithelial Cells', NULL, 'MICROSCOPIC', NULL, '2018-02-20 10:29:48', '2018-02-20 10:29:48'),
(36, 14, 'Mucus Threads', NULL, 'MICROSCOPIC', NULL, '2018-02-20 10:29:48', '2018-02-20 10:29:48'),
(37, 14, 'Crystals', NULL, 'MICROSCOPIC', NULL, '2018-02-20 10:29:48', '2018-02-20 10:29:48'),
(38, 14, 'COLOR CONSISTENCY', NULL, 'STOOL', NULL, '2018-02-20 10:29:48', '2018-02-20 10:29:48'),
(39, 14, 'OTHERS', NULL, 'STOOL', NULL, '2018-02-20 10:29:48', '2018-02-20 10:29:48'),
(40, 21, 'COLOR', NULL, 'PHYSICAL EXAMINATION', NULL, '2018-02-20 11:14:15', '2018-02-20 11:14:15'),
(41, 21, 'Occult Blood', NULL, 'PHYSICAL EXAMINATION', NULL, '2018-02-20 11:14:15', '2018-02-20 11:14:15'),
(42, 21, 'Consistency', NULL, 'PHYSICAL EXAMINATION', NULL, '2018-02-20 11:14:15', '2018-02-20 11:14:15'),
(43, 21, 'A. lumbricoides', NULL, 'MICROSCOPIC EXAMINATION', NULL, '2018-02-20 11:14:15', '2018-02-20 11:14:15'),
(44, 21, 'T. trichiura', NULL, 'MICROSCOPIC EXAMINATION', NULL, '2018-02-20 11:14:15', '2018-02-20 11:14:15'),
(45, 21, 'Hookworm', NULL, 'MICROSCOPIC EXAMINATION', NULL, '2018-02-20 11:14:15', '2018-02-20 11:14:15'),
(46, 21, 'E. Histolytica (cyst)', NULL, 'MICROSCOPIC EXAMINATION', NULL, '2018-02-20 11:14:16', '2018-02-20 11:14:16'),
(47, 21, 'E. Histolytica (troph)', NULL, 'MICROSCOPIC EXAMINATION', NULL, '2018-02-20 11:14:16', '2018-02-20 11:14:16'),
(48, 21, 'G. lamblia', NULL, 'MICROSCOPIC EXAMINATION', NULL, '2018-02-20 11:14:16', '2018-02-20 11:14:16'),
(49, 21, 'Pus Cells', NULL, 'MICROSCOPIC EXAMINATION', NULL, '2018-02-20 11:14:16', '2018-02-20 11:14:16'),
(50, 21, 'Red Blood Cells', NULL, 'MICROSCOPIC EXAMINATION', NULL, '2018-02-20 11:14:16', '2018-02-20 11:14:16'),
(51, 21, 'Fat Globules', NULL, 'MICROSCOPIC EXAMINATION', NULL, '2018-02-20 11:14:16', '2018-02-20 11:14:16'),
(52, 21, 'Undigested Food', NULL, 'MICROSCOPIC EXAMINATION', NULL, '2018-02-20 11:14:16', '2018-02-20 11:14:16');

-- --------------------------------------------------------

--
-- Table structure for table `service_prices`
--

CREATE TABLE `service_prices` (
  `id` int(11) NOT NULL,
  `service_id` int(10) UNSIGNED NOT NULL,
  `price` decimal(15,2) NOT NULL,
  `created_at` timestamp NULL DEFAULT NULL,
  `updated_at` timestamp NULL DEFAULT NULL
) ENGINE=InnoDB DEFAULT CHARSET=utf8mb4 COLLATE=utf8mb4_unicode_ci;

--
-- Dumping data for table `service_prices`
--

INSERT INTO `service_prices` (`id`, `service_id`, `price`, `created_at`, `updated_at`) VALUES
(3, 16, '120.00', '2018-01-18 07:59:10', '2018-01-18 07:59:10'),
(4, 18, '50000.00', '2018-01-18 08:03:01', '2018-01-18 08:03:01'),
(5, 3, '150.00', '2018-01-18 09:20:59', '2018-01-18 09:20:59'),
(6, 4, '200.00', '2018-01-18 09:21:47', '2018-01-18 09:21:47'),
(7, 5, '200.00', '2018-01-18 09:22:00', '2018-01-18 09:22:00'),
(8, 6, '150.00', '2018-01-18 09:22:13', '2018-01-18 09:22:13'),
(9, 7, '120.00', '2018-01-18 09:22:24', '2018-01-18 09:22:24'),
(10, 8, '170.00', '2018-01-18 09:22:38', '2018-01-18 09:22:38'),
(12, 10, '190.00', '2018-01-18 09:22:58', '2018-01-18 09:22:58'),
(13, 11, '250.00', '2018-01-18 09:23:09', '2018-01-18 09:23:09'),
(14, 12, '250.00', '2018-01-18 09:23:21', '2018-01-18 09:23:21'),
(15, 13, '260.00', '2018-01-18 09:23:45', '2018-01-18 09:23:45'),
(17, 15, '155.00', '2018-01-18 09:24:19', '2018-01-18 09:24:19'),
(18, 17, '120.00', '2018-01-18 09:24:43', '2018-01-18 09:24:43'),
(29, 20, '500.00', '2018-02-15 07:06:27', '2018-02-15 07:06:27'),
(30, 9, '160.00', '2018-02-15 07:09:52', '2018-02-15 07:09:52'),
(51, 2, '500.00', '2018-02-20 10:24:28', '2018-02-20 10:24:28'),
(52, 2, '200.00', '2018-02-20 10:24:28', '2018-02-20 10:24:28'),
(53, 14, '210.00', '2018-02-20 10:29:47', '2018-02-20 10:29:47'),
(54, 21, '200.00', '2018-02-20 11:14:15', '2018-02-20 11:14:15');

-- --------------------------------------------------------

--
-- Table structure for table `service_supplies`
--

CREATE TABLE `service_supplies` (
  `id` int(10) UNSIGNED NOT NULL,
  `supply_id` int(10) UNSIGNED NOT NULL,
  `service_id` int(10) UNSIGNED NOT NULL,
  `qty` int(11) NOT NULL DEFAULT '0',
  `created_at` timestamp NULL DEFAULT NULL,
  `updated_at` timestamp NULL DEFAULT NULL
) ENGINE=InnoDB DEFAULT CHARSET=utf8 COLLATE=utf8_unicode_ci;

--
-- Dumping data for table `service_supplies`
--

INSERT INTO `service_supplies` (`id`, `supply_id`, `service_id`, `qty`, `created_at`, `updated_at`) VALUES
(6, 9, 2, 2, '2018-02-16 06:49:10', '2018-02-16 06:56:19'),
(7, 8, 2, 3, '2018-02-16 06:49:24', '2018-02-16 06:56:19');

-- --------------------------------------------------------

--
-- Table structure for table `settings`
--

CREATE TABLE `settings` (
  `id` int(10) UNSIGNED NOT NULL,
  `set_name` varchar(255) COLLATE utf8_unicode_ci NOT NULL,
  `name` text COLLATE utf8_unicode_ci,
  `created_at` timestamp NULL DEFAULT NULL,
  `updated_at` timestamp NULL DEFAULT NULL
) ENGINE=InnoDB DEFAULT CHARSET=utf8 COLLATE=utf8_unicode_ci;

--
-- Dumping data for table `settings`
--

INSERT INTO `settings` (`id`, `set_name`, `name`, `created_at`, `updated_at`) VALUES
(1, 'fingerprint', '/hyatt/timekeeper/timekeeper.exe', NULL, NULL),
(2, 'vaccine_nurse', 'CHARLENE MAE A. RODRIGO, RN', NULL, '2018-03-05 08:59:43'),
(3, 'vaccine_license', '0857554', NULL, '2018-03-05 08:59:43'),
(5, '_token', 'iKj6vRABtReiD0dMlZuy2pxiGTzJM1zqNdWIOaQm', '2018-03-05 08:59:42', '2018-03-05 08:59:42'),
(6, 'vaccine_signature', NULL, '2018-03-05 09:01:10', '2018-03-05 09:01:10');

-- --------------------------------------------------------

--
-- Table structure for table `supplies`
--

CREATE TABLE `supplies` (
  `id` int(10) UNSIGNED NOT NULL,
  `name` varchar(191) COLLATE utf8mb4_unicode_ci NOT NULL,
  `min_qty` decimal(11,1) NOT NULL DEFAULT '0.0',
  `test_per_unit` int(11) NOT NULL DEFAULT '1',
  `created_at` timestamp NULL DEFAULT NULL,
  `updated_at` timestamp NULL DEFAULT NULL,
  `unit` varchar(255) COLLATE utf8mb4_unicode_ci DEFAULT NULL,
  `remarks` varchar(255) COLLATE utf8mb4_unicode_ci DEFAULT NULL
) ENGINE=InnoDB DEFAULT CHARSET=utf8mb4 COLLATE=utf8mb4_unicode_ci;

--
-- Dumping data for table `supplies`
--

INSERT INTO `supplies` (`id`, `name`, `min_qty`, `test_per_unit`, `created_at`, `updated_at`, `unit`, `remarks`) VALUES
(6, 'HCV (AUTOBIO)', '2.0', 48, '2018-02-12 08:28:03', '2018-02-17 07:05:17', 'KITS', 'NONE'),
(7, 'HIV (AUTOBIO)', '2.0', 48, '2018-02-12 08:28:03', '2018-02-12 08:28:03', 'KITS', 'NONE'),
(8, 'HBSAG (AUTOBIO)', '2.0', 48, '2018-02-12 08:28:03', '2018-02-18 07:36:50', 'KITS', 'NONE'),
(9, 'B-HCG (AUTOBIO)', '2.0', 50, '2018-02-12 08:28:03', '2018-02-15 08:55:13', 'KITS', 'NONE'),
(10, 'SYPHILIS (GOLDIA)', '5.0', 10, '2018-02-12 08:28:03', '2018-02-14 08:57:34', 'BOTTLES', 'NONE'),
(11, 'HCVS (AUTOBIO)', '2.0', 1, '2018-02-13 06:31:18', '2018-02-14 08:57:34', 'KITS', 'None'),
(25, 'B-HCG (AUTOBIO)', '2.0', 48, '2018-02-17 03:19:27', '2018-02-17 03:19:27', 'KITS', 'NONE'),
(26, 'SYPHILIS (GOLDIA)', '5.0', 10, '2018-02-17 03:19:27', '2018-02-17 03:19:27', 'BOXES', 'NONE'),
(27, 'HBSAG (GOLDIA - RAPID TEST)', '1.0', 10, '2018-02-17 03:19:27', '2018-02-17 03:19:27', 'BOXES', 'NONE'),
(28, 'EUGENE (RAPID TEST)', '1.0', 50, '2018-02-17 03:19:27', '2018-02-17 03:19:27', 'BOXES', 'NONE'),
(29, 'VDRL (GIESSE - SLIDE METHOD)', '0.5', 2, '2018-02-17 03:19:27', '2018-02-17 04:52:52', 'ML', 'NONE'),
(30, 'TSH (YHLO - UNION)', '1.0', 24, '2018-02-17 03:19:27', '2018-02-17 03:19:27', 'BOX', 'NONE'),
(31, 'FT3 (YHLO - UNION)', '1.0', 24, '2018-02-17 03:19:27', '2018-02-17 03:19:27', 'BOXES', 'NONE'),
(32, 'CLEANING SOLUTION (YHLO - UNION)', '2.0', 2, '2018-02-17 03:19:27', '2018-02-17 03:19:27', 'BOTTLES', 'NONE'),
(33, 'SOLUTION A (YHLO - UNION)', '2.0', 2, '2018-02-17 03:19:27', '2018-02-17 03:19:27', 'BOTTLES', 'NONE'),
(34, 'SOLUTION B (YHLO - UNION)', '2.0', 2, '2018-02-17 03:19:27', '2018-02-17 03:19:27', 'BOTTLES', 'NONE');

-- --------------------------------------------------------

--
-- Table structure for table `transmittals`
--

CREATE TABLE `transmittals` (
  `id` int(10) UNSIGNED NOT NULL,
  `user_id` int(10) UNSIGNED DEFAULT NULL,
  `customer_id` int(10) UNSIGNED NOT NULL,
  `agency_id` int(10) UNSIGNED NOT NULL,
  `status_id` int(10) UNSIGNED NOT NULL,
  `status` varchar(191) COLLATE utf8mb4_unicode_ci DEFAULT NULL,
  `name` varchar(191) COLLATE utf8mb4_unicode_ci DEFAULT NULL,
  `remarks` varchar(191) COLLATE utf8mb4_unicode_ci DEFAULT NULL,
  `encode_date` date DEFAULT NULL,
  `expiry_date` date NOT NULL,
  `exp_display` int(11) NOT NULL DEFAULT '0',
  `created_at` timestamp NULL DEFAULT NULL,
  `updated_at` timestamp NULL DEFAULT NULL
) ENGINE=InnoDB DEFAULT CHARSET=utf8mb4 COLLATE=utf8mb4_unicode_ci;

--
-- Dumping data for table `transmittals`
--

INSERT INTO `transmittals` (`id`, `user_id`, `customer_id`, `agency_id`, `status_id`, `status`, `name`, `remarks`, `encode_date`, `expiry_date`, `exp_display`, `created_at`, `updated_at`) VALUES
(1, NULL, 11, 2, 1, 'UNFIT TO WORK', NULL, 'He is fit', '2018-02-25', '0000-00-00', 0, '2018-02-25 02:09:11', '2018-02-25 02:09:11'),
(2, NULL, 12, 2, 7, 'PENDING', NULL, 'This is Qualified', '2018-03-07', '2018-03-07', 1, '2018-03-07 06:43:39', '2018-03-07 06:43:39'),
(3, NULL, 11, 2, 1, 'FIT TO WORK', NULL, 'asdasd', '2018-03-07', '2018-03-06', 0, '2018-03-07 07:09:55', '2018-03-07 07:09:55');

-- --------------------------------------------------------

--
-- Table structure for table `users`
--

CREATE TABLE `users` (
  `id` int(10) UNSIGNED NOT NULL,
  `name` varchar(191) COLLATE utf8mb4_unicode_ci NOT NULL,
  `email` varchar(191) COLLATE utf8mb4_unicode_ci NOT NULL,
  `password` varchar(191) COLLATE utf8mb4_unicode_ci NOT NULL,
  `remember_token` varchar(100) COLLATE utf8mb4_unicode_ci DEFAULT NULL,
  `created_at` timestamp NULL DEFAULT NULL,
  `updated_at` timestamp NULL DEFAULT NULL
) ENGINE=InnoDB DEFAULT CHARSET=utf8mb4 COLLATE=utf8mb4_unicode_ci;

--
-- Dumping data for table `users`
--

INSERT INTO `users` (`id`, `name`, `email`, `password`, `remember_token`, `created_at`, `updated_at`) VALUES
(1, 'admin', 'admin@gmail.com', '$2y$10$x0zXx0quMEZ2mHRe/7rdGelpz83ge9pQ1YQLkEkZok68JQgpeOSF.', '8F56AfDyULDsz3ylsTFMdsrKUFqS46YrxqJQpZtulCIgUOKt2WTICt23CbZK', '2018-02-06 09:22:49', '2018-02-06 09:22:49'),
(2, 'Jaybee', 'jaybee@gmail.com', '$2y$10$1xhCV5OloqeRlq53EcEKDe5TxMqzj0D0FYUo1V3mIXywSCcgBJ8HS', 'JX7Nmnu03DelZ8dBroQDqlhL1ouB9lRwfMrR1d6Z6X0GolYF1LqiDN3go9EN', '2018-02-06 10:18:43', '2018-02-06 10:18:43');

-- --------------------------------------------------------

--
-- Table structure for table `vaccines`
--

CREATE TABLE `vaccines` (
  `id` int(10) UNSIGNED NOT NULL,
  `customer_id` int(10) UNSIGNED NOT NULL,
  `brand_name` varchar(255) COLLATE utf8_unicode_ci DEFAULT NULL,
  `lot_no` varchar(255) COLLATE utf8_unicode_ci DEFAULT NULL,
  `expiry_date` varchar(255) COLLATE utf8_unicode_ci DEFAULT NULL,
  `date_given` date NOT NULL,
  `created_at` timestamp NULL DEFAULT NULL,
  `updated_at` timestamp NULL DEFAULT NULL,
  `nurse_name` varchar(255) COLLATE utf8_unicode_ci NOT NULL,
  `lic_no` varchar(255) COLLATE utf8_unicode_ci NOT NULL,
  `current_age` int(11) NOT NULL
) ENGINE=InnoDB DEFAULT CHARSET=utf8 COLLATE=utf8_unicode_ci;

--
-- Dumping data for table `vaccines`
--

INSERT INTO `vaccines` (`id`, `customer_id`, `brand_name`, `lot_no`, `expiry_date`, `date_given`, `created_at`, `updated_at`, `nurse_name`, `lic_no`, `current_age`) VALUES
(12, 12, 'TRESIVAC', '013N6060B', 'NOVEMBER 2018', '2018-03-05', '2018-03-05 09:04:57', '2018-03-05 09:04:57', 'CHARLENE MAE A. RODRIGO, RN', '0857554', 0),
(13, 12, 'TRESIVAC', '013N6060B', 'NOVEMBER 2018', '2018-03-06', '2018-03-06 06:00:19', '2018-03-06 06:00:19', 'CHARLENE MAE A. RODRIGO, RN', '0857554', 0),
(14, 13, 'TRESIVAC', '013N6060B', 'NOVEMBER 2018', '2018-03-06', '2018-03-06 06:01:54', '2018-03-06 06:01:54', 'CHARLENE MAE A. RODRIGO, RN', '0857554', 0);

--
-- Indexes for dumped tables
--

--
-- Indexes for table `agencies`
--
ALTER TABLE `agencies`
  ADD PRIMARY KEY (`id`);

--
-- Indexes for table `agency_contacts`
--
ALTER TABLE `agency_contacts`
  ADD PRIMARY KEY (`id`),
  ADD KEY `agency_contacts_agency_id_foreign` (`agency_id`);

--
-- Indexes for table `agency_customer`
--
ALTER TABLE `agency_customer`
  ADD PRIMARY KEY (`id`),
  ADD KEY `agency_customer_customer_id_foreign` (`customer_id`),
  ADD KEY `agency_customer_agency_id_foreign` (`agency_id`);

--
-- Indexes for table `agency_emails`
--
ALTER TABLE `agency_emails`
  ADD PRIMARY KEY (`id`),
  ADD KEY `agency_emails_agency_id_foreign` (`agency_id`);

--
-- Indexes for table `agency_pricings`
--
ALTER TABLE `agency_pricings`
  ADD PRIMARY KEY (`id`),
  ADD KEY `agency_pricings_package_id_foreign` (`package_id`),
  ADD KEY `agency_pricings_agency_id_foreign` (`agency_id`),
  ADD KEY `agency_pricings_pricing_type_id_foreign` (`pricing_type_id`);

--
-- Indexes for table `associations`
--
ALTER TABLE `associations`
  ADD PRIMARY KEY (`id`);

--
-- Indexes for table `categories`
--
ALTER TABLE `categories`
  ADD PRIMARY KEY (`id`);

--
-- Indexes for table `countries`
--
ALTER TABLE `countries`
  ADD PRIMARY KEY (`id`),
  ADD KEY `countries_association_id_foreign` (`association_id`);

--
-- Indexes for table `country_customer`
--
ALTER TABLE `country_customer`
  ADD PRIMARY KEY (`id`);

--
-- Indexes for table `customers`
--
ALTER TABLE `customers`
  ADD PRIMARY KEY (`id`);

--
-- Indexes for table `fingerprints`
--
ALTER TABLE `fingerprints`
  ADD PRIMARY KEY (`id`),
  ADD KEY `fingerprints_customer_id_foreign` (`customer_id`);

--
-- Indexes for table `inventory_lab_result_items`
--
ALTER TABLE `inventory_lab_result_items`
  ADD PRIMARY KEY (`id`),
  ADD KEY `inventory_lab_result_items_customer_id_foreign` (`customer_id`),
  ADD KEY `inventory_lab_result_items_sale_id_foreign` (`sale_id`),
  ADD KEY `inventory_lab_result_items_lab_result_id_foreign` (`lab_result_id`),
  ADD KEY `inventory_lab_result_items_supply_id_foreign` (`supply_id`);

--
-- Indexes for table `inventory_receives`
--
ALTER TABLE `inventory_receives`
  ADD PRIMARY KEY (`id`);

--
-- Indexes for table `inventory_receive_items`
--
ALTER TABLE `inventory_receive_items`
  ADD PRIMARY KEY (`id`),
  ADD KEY `inventory_receive_items_inventory_receive_id_foreign` (`inventory_receive_id`),
  ADD KEY `inventory_receive_items_supply_id_foreign` (`supply_id`);

--
-- Indexes for table `inventory_returns`
--
ALTER TABLE `inventory_returns`
  ADD PRIMARY KEY (`id`);

--
-- Indexes for table `inventory_return_items`
--
ALTER TABLE `inventory_return_items`
  ADD PRIMARY KEY (`id`),
  ADD KEY `inventory_return_items_inventory_return_id_foreign` (`inventory_return_id`),
  ADD KEY `inventory_return_items_supply_id_foreign` (`supply_id`);

--
-- Indexes for table `lab_results`
--
ALTER TABLE `lab_results`
  ADD PRIMARY KEY (`id`),
  ADD KEY `lab_results_service_id_foreign` (`service_id`),
  ADD KEY `lab_results_sale_id_foreign` (`sale_id`),
  ADD KEY `lab_results_customer_id_foreign` (`customer_id`);

--
-- Indexes for table `lab_result_items`
--
ALTER TABLE `lab_result_items`
  ADD PRIMARY KEY (`id`),
  ADD KEY `lab_result_items_lab_result_id_foreign` (`lab_result_id`);

--
-- Indexes for table `migrations`
--
ALTER TABLE `migrations`
  ADD PRIMARY KEY (`id`);

--
-- Indexes for table `packages`
--
ALTER TABLE `packages`
  ADD PRIMARY KEY (`id`);

--
-- Indexes for table `package_service`
--
ALTER TABLE `package_service`
  ADD PRIMARY KEY (`id`);

--
-- Indexes for table `password_resets`
--
ALTER TABLE `password_resets`
  ADD KEY `password_resets_email_index` (`email`);

--
-- Indexes for table `payments`
--
ALTER TABLE `payments`
  ADD PRIMARY KEY (`id`),
  ADD KEY `payments_sale_id_foreign` (`sale_id`),
  ADD KEY `payments_customer_id_foreign` (`customer_id`);

--
-- Indexes for table `pricing_types`
--
ALTER TABLE `pricing_types`
  ADD PRIMARY KEY (`id`);

--
-- Indexes for table `req_transactions`
--
ALTER TABLE `req_transactions`
  ADD PRIMARY KEY (`id`),
  ADD KEY `req_transactions_sale_id_foreign` (`sale_id`),
  ADD KEY `req_transactions_customer_id_foreign` (`customer_id`);

--
-- Indexes for table `roles`
--
ALTER TABLE `roles`
  ADD PRIMARY KEY (`id`);

--
-- Indexes for table `role_user`
--
ALTER TABLE `role_user`
  ADD PRIMARY KEY (`id`);

--
-- Indexes for table `sales`
--
ALTER TABLE `sales`
  ADD PRIMARY KEY (`id`),
  ADD KEY `sales_customer_id_foreign` (`customer_id`),
  ADD KEY `sales_agency_id_foreign` (`agency_id`);

--
-- Indexes for table `services`
--
ALTER TABLE `services`
  ADD PRIMARY KEY (`id`),
  ADD KEY `services_category_id_foreign` (`category_id`);

--
-- Indexes for table `service_items`
--
ALTER TABLE `service_items`
  ADD PRIMARY KEY (`id`),
  ADD KEY `service_items_service_id_foreign` (`service_id`);

--
-- Indexes for table `service_prices`
--
ALTER TABLE `service_prices`
  ADD PRIMARY KEY (`id`),
  ADD KEY `service_prices_service_id_foreign` (`service_id`);

--
-- Indexes for table `service_supplies`
--
ALTER TABLE `service_supplies`
  ADD PRIMARY KEY (`id`);

--
-- Indexes for table `settings`
--
ALTER TABLE `settings`
  ADD PRIMARY KEY (`id`),
  ADD UNIQUE KEY `settings_set_name_unique` (`set_name`);

--
-- Indexes for table `supplies`
--
ALTER TABLE `supplies`
  ADD PRIMARY KEY (`id`);

--
-- Indexes for table `transmittals`
--
ALTER TABLE `transmittals`
  ADD PRIMARY KEY (`id`),
  ADD KEY `transmittals_user_id_foreign` (`user_id`),
  ADD KEY `transmittals_customer_id_foreign` (`customer_id`),
  ADD KEY `transmittals_agency_id_foreign` (`agency_id`);

--
-- Indexes for table `users`
--
ALTER TABLE `users`
  ADD PRIMARY KEY (`id`),
  ADD UNIQUE KEY `users_email_unique` (`email`);

--
-- Indexes for table `vaccines`
--
ALTER TABLE `vaccines`
  ADD PRIMARY KEY (`id`),
  ADD KEY `vaccines_customer_id_foreign` (`customer_id`);

--
-- AUTO_INCREMENT for dumped tables
--

--
-- AUTO_INCREMENT for table `agencies`
--
ALTER TABLE `agencies`
  MODIFY `id` int(10) UNSIGNED NOT NULL AUTO_INCREMENT, AUTO_INCREMENT=34;
--
-- AUTO_INCREMENT for table `agency_contacts`
--
ALTER TABLE `agency_contacts`
  MODIFY `id` int(10) UNSIGNED NOT NULL AUTO_INCREMENT;
--
-- AUTO_INCREMENT for table `agency_customer`
--
ALTER TABLE `agency_customer`
  MODIFY `id` int(10) UNSIGNED NOT NULL AUTO_INCREMENT, AUTO_INCREMENT=4;
--
-- AUTO_INCREMENT for table `agency_emails`
--
ALTER TABLE `agency_emails`
  MODIFY `id` int(10) UNSIGNED NOT NULL AUTO_INCREMENT;
--
-- AUTO_INCREMENT for table `agency_pricings`
--
ALTER TABLE `agency_pricings`
  MODIFY `id` int(10) UNSIGNED NOT NULL AUTO_INCREMENT, AUTO_INCREMENT=2;
--
-- AUTO_INCREMENT for table `associations`
--
ALTER TABLE `associations`
  MODIFY `id` int(10) UNSIGNED NOT NULL AUTO_INCREMENT, AUTO_INCREMENT=7;
--
-- AUTO_INCREMENT for table `categories`
--
ALTER TABLE `categories`
  MODIFY `id` int(10) UNSIGNED NOT NULL AUTO_INCREMENT, AUTO_INCREMENT=7;
--
-- AUTO_INCREMENT for table `countries`
--
ALTER TABLE `countries`
  MODIFY `id` int(10) UNSIGNED NOT NULL AUTO_INCREMENT, AUTO_INCREMENT=9;
--
-- AUTO_INCREMENT for table `country_customer`
--
ALTER TABLE `country_customer`
  MODIFY `id` int(10) UNSIGNED NOT NULL AUTO_INCREMENT, AUTO_INCREMENT=4;
--
-- AUTO_INCREMENT for table `customers`
--
ALTER TABLE `customers`
  MODIFY `id` int(10) UNSIGNED NOT NULL AUTO_INCREMENT, AUTO_INCREMENT=14;
--
-- AUTO_INCREMENT for table `fingerprints`
--
ALTER TABLE `fingerprints`
  MODIFY `id` int(10) UNSIGNED NOT NULL AUTO_INCREMENT, AUTO_INCREMENT=10;
--
-- AUTO_INCREMENT for table `inventory_lab_result_items`
--
ALTER TABLE `inventory_lab_result_items`
  MODIFY `id` int(10) UNSIGNED NOT NULL AUTO_INCREMENT, AUTO_INCREMENT=19;
--
-- AUTO_INCREMENT for table `inventory_receives`
--
ALTER TABLE `inventory_receives`
  MODIFY `id` int(10) UNSIGNED NOT NULL AUTO_INCREMENT, AUTO_INCREMENT=5;
--
-- AUTO_INCREMENT for table `inventory_receive_items`
--
ALTER TABLE `inventory_receive_items`
  MODIFY `id` int(10) UNSIGNED NOT NULL AUTO_INCREMENT, AUTO_INCREMENT=8;
--
-- AUTO_INCREMENT for table `inventory_returns`
--
ALTER TABLE `inventory_returns`
  MODIFY `id` int(10) UNSIGNED NOT NULL AUTO_INCREMENT;
--
-- AUTO_INCREMENT for table `inventory_return_items`
--
ALTER TABLE `inventory_return_items`
  MODIFY `id` int(10) UNSIGNED NOT NULL AUTO_INCREMENT;
--
-- AUTO_INCREMENT for table `lab_results`
--
ALTER TABLE `lab_results`
  MODIFY `id` int(10) UNSIGNED NOT NULL AUTO_INCREMENT, AUTO_INCREMENT=91;
--
-- AUTO_INCREMENT for table `lab_result_items`
--
ALTER TABLE `lab_result_items`
  MODIFY `id` int(10) UNSIGNED NOT NULL AUTO_INCREMENT, AUTO_INCREMENT=17;
--
-- AUTO_INCREMENT for table `migrations`
--
ALTER TABLE `migrations`
  MODIFY `id` int(10) UNSIGNED NOT NULL AUTO_INCREMENT, AUTO_INCREMENT=43;
--
-- AUTO_INCREMENT for table `packages`
--
ALTER TABLE `packages`
  MODIFY `id` int(10) UNSIGNED NOT NULL AUTO_INCREMENT, AUTO_INCREMENT=7;
--
-- AUTO_INCREMENT for table `package_service`
--
ALTER TABLE `package_service`
  MODIFY `id` int(10) UNSIGNED NOT NULL AUTO_INCREMENT, AUTO_INCREMENT=30;
--
-- AUTO_INCREMENT for table `payments`
--
ALTER TABLE `payments`
  MODIFY `id` int(10) UNSIGNED NOT NULL AUTO_INCREMENT;
--
-- AUTO_INCREMENT for table `pricing_types`
--
ALTER TABLE `pricing_types`
  MODIFY `id` int(10) UNSIGNED NOT NULL AUTO_INCREMENT, AUTO_INCREMENT=4;
--
-- AUTO_INCREMENT for table `req_transactions`
--
ALTER TABLE `req_transactions`
  MODIFY `id` int(10) UNSIGNED NOT NULL AUTO_INCREMENT;
--
-- AUTO_INCREMENT for table `roles`
--
ALTER TABLE `roles`
  MODIFY `id` int(10) UNSIGNED NOT NULL AUTO_INCREMENT;
--
-- AUTO_INCREMENT for table `role_user`
--
ALTER TABLE `role_user`
  MODIFY `id` int(10) UNSIGNED NOT NULL AUTO_INCREMENT;
--
-- AUTO_INCREMENT for table `sales`
--
ALTER TABLE `sales`
  MODIFY `id` int(10) UNSIGNED NOT NULL AUTO_INCREMENT, AUTO_INCREMENT=43;
--
-- AUTO_INCREMENT for table `services`
--
ALTER TABLE `services`
  MODIFY `id` int(10) UNSIGNED NOT NULL AUTO_INCREMENT, AUTO_INCREMENT=22;
--
-- AUTO_INCREMENT for table `service_items`
--
ALTER TABLE `service_items`
  MODIFY `id` int(10) UNSIGNED NOT NULL AUTO_INCREMENT, AUTO_INCREMENT=53;
--
-- AUTO_INCREMENT for table `service_prices`
--
ALTER TABLE `service_prices`
  MODIFY `id` int(11) NOT NULL AUTO_INCREMENT, AUTO_INCREMENT=55;
--
-- AUTO_INCREMENT for table `service_supplies`
--
ALTER TABLE `service_supplies`
  MODIFY `id` int(10) UNSIGNED NOT NULL AUTO_INCREMENT, AUTO_INCREMENT=8;
--
-- AUTO_INCREMENT for table `settings`
--
ALTER TABLE `settings`
  MODIFY `id` int(10) UNSIGNED NOT NULL AUTO_INCREMENT, AUTO_INCREMENT=7;
--
-- AUTO_INCREMENT for table `supplies`
--
ALTER TABLE `supplies`
  MODIFY `id` int(10) UNSIGNED NOT NULL AUTO_INCREMENT, AUTO_INCREMENT=35;
--
-- AUTO_INCREMENT for table `transmittals`
--
ALTER TABLE `transmittals`
  MODIFY `id` int(10) UNSIGNED NOT NULL AUTO_INCREMENT, AUTO_INCREMENT=4;
--
-- AUTO_INCREMENT for table `users`
--
ALTER TABLE `users`
  MODIFY `id` int(10) UNSIGNED NOT NULL AUTO_INCREMENT, AUTO_INCREMENT=3;
--
-- AUTO_INCREMENT for table `vaccines`
--
ALTER TABLE `vaccines`
  MODIFY `id` int(10) UNSIGNED NOT NULL AUTO_INCREMENT, AUTO_INCREMENT=17;
--
-- Constraints for dumped tables
--

--
-- Constraints for table `agency_contacts`
--
ALTER TABLE `agency_contacts`
  ADD CONSTRAINT `agency_contacts_agency_id_foreign` FOREIGN KEY (`agency_id`) REFERENCES `agencies` (`id`);

--
-- Constraints for table `agency_customer`
--
ALTER TABLE `agency_customer`
  ADD CONSTRAINT `agency_customer_agency_id_foreign` FOREIGN KEY (`agency_id`) REFERENCES `agencies` (`id`),
  ADD CONSTRAINT `agency_customer_customer_id_foreign` FOREIGN KEY (`customer_id`) REFERENCES `customers` (`id`);

--
-- Constraints for table `agency_emails`
--
ALTER TABLE `agency_emails`
  ADD CONSTRAINT `agency_emails_agency_id_foreign` FOREIGN KEY (`agency_id`) REFERENCES `agencies` (`id`);

--
-- Constraints for table `agency_pricings`
--
ALTER TABLE `agency_pricings`
  ADD CONSTRAINT `agency_pricings_agency_id_foreign` FOREIGN KEY (`agency_id`) REFERENCES `agencies` (`id`),
  ADD CONSTRAINT `agency_pricings_package_id_foreign` FOREIGN KEY (`package_id`) REFERENCES `packages` (`id`),
  ADD CONSTRAINT `agency_pricings_pricing_type_id_foreign` FOREIGN KEY (`pricing_type_id`) REFERENCES `pricing_types` (`id`);

--
-- Constraints for table `countries`
--
ALTER TABLE `countries`
  ADD CONSTRAINT `countries_association_id_foreign` FOREIGN KEY (`association_id`) REFERENCES `associations` (`id`);

--
-- Constraints for table `fingerprints`
--
ALTER TABLE `fingerprints`
  ADD CONSTRAINT `fingerprints_customer_id_foreign` FOREIGN KEY (`customer_id`) REFERENCES `customers` (`id`);

--
-- Constraints for table `inventory_lab_result_items`
--
ALTER TABLE `inventory_lab_result_items`
  ADD CONSTRAINT `inventory_lab_result_items_customer_id_foreign` FOREIGN KEY (`customer_id`) REFERENCES `customers` (`id`),
  ADD CONSTRAINT `inventory_lab_result_items_lab_result_id_foreign` FOREIGN KEY (`lab_result_id`) REFERENCES `lab_results` (`id`),
  ADD CONSTRAINT `inventory_lab_result_items_sale_id_foreign` FOREIGN KEY (`sale_id`) REFERENCES `sales` (`id`),
  ADD CONSTRAINT `inventory_lab_result_items_supply_id_foreign` FOREIGN KEY (`supply_id`) REFERENCES `supplies` (`id`);

--
-- Constraints for table `inventory_receive_items`
--
ALTER TABLE `inventory_receive_items`
  ADD CONSTRAINT `inventory_receive_items_inventory_receive_id_foreign` FOREIGN KEY (`inventory_receive_id`) REFERENCES `inventory_receives` (`id`),
  ADD CONSTRAINT `inventory_receive_items_supply_id_foreign` FOREIGN KEY (`supply_id`) REFERENCES `supplies` (`id`);

--
-- Constraints for table `inventory_return_items`
--
ALTER TABLE `inventory_return_items`
  ADD CONSTRAINT `inventory_return_items_inventory_return_id_foreign` FOREIGN KEY (`inventory_return_id`) REFERENCES `inventory_returns` (`id`),
  ADD CONSTRAINT `inventory_return_items_supply_id_foreign` FOREIGN KEY (`supply_id`) REFERENCES `supplies` (`id`);

--
-- Constraints for table `lab_results`
--
ALTER TABLE `lab_results`
  ADD CONSTRAINT `lab_results_customer_id_foreign` FOREIGN KEY (`customer_id`) REFERENCES `customers` (`id`),
  ADD CONSTRAINT `lab_results_sale_id_foreign` FOREIGN KEY (`sale_id`) REFERENCES `sales` (`id`),
  ADD CONSTRAINT `lab_results_service_id_foreign` FOREIGN KEY (`service_id`) REFERENCES `services` (`id`);

--
-- Constraints for table `lab_result_items`
--
ALTER TABLE `lab_result_items`
  ADD CONSTRAINT `lab_result_items_lab_result_id_foreign` FOREIGN KEY (`lab_result_id`) REFERENCES `lab_results` (`id`);

--
-- Constraints for table `payments`
--
ALTER TABLE `payments`
  ADD CONSTRAINT `payments_customer_id_foreign` FOREIGN KEY (`customer_id`) REFERENCES `customers` (`id`),
  ADD CONSTRAINT `payments_sale_id_foreign` FOREIGN KEY (`sale_id`) REFERENCES `sales` (`id`);

--
-- Constraints for table `req_transactions`
--
ALTER TABLE `req_transactions`
  ADD CONSTRAINT `req_transactions_customer_id_foreign` FOREIGN KEY (`customer_id`) REFERENCES `customers` (`id`),
  ADD CONSTRAINT `req_transactions_sale_id_foreign` FOREIGN KEY (`sale_id`) REFERENCES `sales` (`id`);

--
-- Constraints for table `sales`
--
ALTER TABLE `sales`
  ADD CONSTRAINT `sales_agency_id_foreign` FOREIGN KEY (`agency_id`) REFERENCES `agencies` (`id`),
  ADD CONSTRAINT `sales_customer_id_foreign` FOREIGN KEY (`customer_id`) REFERENCES `customers` (`id`);

--
-- Constraints for table `services`
--
ALTER TABLE `services`
  ADD CONSTRAINT `services_category_id_foreign` FOREIGN KEY (`category_id`) REFERENCES `categories` (`id`);

--
-- Constraints for table `service_items`
--
ALTER TABLE `service_items`
  ADD CONSTRAINT `service_items_service_id_foreign` FOREIGN KEY (`service_id`) REFERENCES `services` (`id`);

--
-- Constraints for table `service_prices`
--
ALTER TABLE `service_prices`
  ADD CONSTRAINT `service_prices_service_id_foreign` FOREIGN KEY (`service_id`) REFERENCES `services` (`id`);

--
-- Constraints for table `transmittals`
--
ALTER TABLE `transmittals`
  ADD CONSTRAINT `transmittals_agency_id_foreign` FOREIGN KEY (`agency_id`) REFERENCES `agencies` (`id`),
  ADD CONSTRAINT `transmittals_customer_id_foreign` FOREIGN KEY (`customer_id`) REFERENCES `customers` (`id`),
  ADD CONSTRAINT `transmittals_user_id_foreign` FOREIGN KEY (`user_id`) REFERENCES `users` (`id`);

--
-- Constraints for table `vaccines`
--
ALTER TABLE `vaccines`
  ADD CONSTRAINT `vaccines_customer_id_foreign` FOREIGN KEY (`customer_id`) REFERENCES `customers` (`id`);

/*!40101 SET CHARACTER_SET_CLIENT=@OLD_CHARACTER_SET_CLIENT */;
/*!40101 SET CHARACTER_SET_RESULTS=@OLD_CHARACTER_SET_RESULTS */;
/*!40101 SET COLLATION_CONNECTION=@OLD_COLLATION_CONNECTION */;
